cohort,expression,mean_far,rho_far_cna,rho_cisexcess_cna
STAD,raw,0.09192187806760659,0.8330614511665849,0.570164721995045
STAD,continuous CN corrected,0.022064481851625194,-0.08685209095082293,0.16413309146625346
COAD,raw,0.10786949938374947,0.7257628161624093,0.05023876539712136
COAD,continuous CN corrected,0.023972596649199613,-0.004001907534134452,-0.18420690374670612
GBM,raw,0.09028369601895948,0.5850729808464816,0.08795876324474497
GBM,continuous CN corrected,0.02235302325395104,0.11444028739297873,-0.009131161147872957
BLCA,raw,0.1077411348474019,0.7272938734455031,0.37757863039272666
BLCA,continuous CN corrected,0.02342816157334169,-0.055974400939697834,0.07374986726420751
UCEC,raw,0.0868375121976688,0.8774205756787375,0.5913690731803097
UCEC,continuous CN corrected,0.01791793096936049,0.1951809797620867,0.19579630021464242
