tissue,version,samples,genes,landscape_share,universal_peaks_real_order,universal_peaks_random_order,rho_GCslope_RIN,eta2_GCslope_batch,cis_L1_raw,domain_L10_30_raw,long_L150_300_raw,cis_L1_minusGC,domain_minusGC,cis_L1_minusGC_tech,cis_L2_minusGC_tech,cis_L5_minusGC_tech,domain_minusGC_tech,cis_decay_length_genes
adipose_subcutaneous,v11,714,21962,0.9601957479120807,260,251,0.07385228868243411,0.45116133841089445,0.16659084933952611,0.014649218533111278,-0.00040702163968031846,0.1523755003317993,0.005134140457214399,0.150737715784426,0.07326298683654671,0.022072040930138905,0.004973616234273113,8.823006165048389
adipose_visceral_omentum,v11,587,21765,0.9481129407183642,210,241,0.28138172723394994,0.3154292964189118,0.1620118349868625,0.014765284629436826,-0.0024532501878253045,0.14813494550947304,0.006105648277275952,0.15133015212660111,0.07428214802566412,0.021086883060582463,0.006271366538912209,6.392922792947272
adrenal_gland,v11,295,21472,0.954220073363163,265,225,-0.5881144853361463,0.4764163488081765,0.15489425191899547,0.014668416523182322,-0.0004338838500699167,0.13855911445754854,0.0029562324784270155,0.13855911445754854,0.06846760753880028,0.021627384616098855,0.0029562324784270155,4.110276844700938
artery_aorta,v11,472,21121,0.9629368274558775,235,264,-0.09726286780663312,0.45018254743325753,0.14844510107546666,0.017407472627708673,-0.0015743162698032577,0.13305247930905045,0.007106938622319324,0.13305247930905045,0.06812791283334836,0.020718070534860657,0.007106938622319324,9.66425821252165
artery_coronary,v11,268,21593,0.948402371361439,240,215,0.050843470220089525,0.40077563146551304,0.16036532301057427,0.01668960471830991,-0.0016114665125889702,0.146574512988617,0.006660226814501286,0.146574512988617,0.07400983995498141,0.022304600176872937,0.006660226814501286,9.851534090894823
artery_tibial,v11,691,20548,0.960964948034121,241,254,-0.07215758269057568,0.35506790357629153,0.1532591287504609,0.015387335862929383,-0.0011282904852122034,0.1380576761885566,0.0051198576216499,0.14159154788038647,0.06919415729813168,0.019443684094542828,0.004977106409498761,6.407013503951637
brain_caudate_basal_ganglia,v11,300,22775,0.9570851872223898,274,261,-0.21652910315611454,0.42409792448131695,0.143085024227963,0.018718751997991608,-0.0028228118444121146,0.12306733069155508,0.006134341909683342,0.12306733069155508,0.060369565636304134,0.018222106894932314,0.006134341909683342,7.386304602802393
brain_cerebellar_hemisphere,v11,277,23254,0.9736064131897708,335,352,-0.39603819332285056,0.4235943369917297,0.13777470584321294,0.023941658712376683,0.0013763035305199873,0.11212168865825248,0.006837475281301246,0.11818441672088367,0.057432693986365996,0.018932098260192536,0.006605812196185537,10.00720363004051
brain_frontal_cortex_ba9,v11,269,22885,0.965314506137809,280,274,-0.33878296298693433,0.48350225688531523,0.1355273572557086,0.018117052719173174,-0.0009425338894850206,0.11771278853117295,0.006400051507317424,0.11448198609688,0.05733758031679714,0.0198989161022543,0.004560888656364623,6.522456403063412
cells_cultured_fibroblasts,v11,652,19221,0.9558956592539295,234,214,0.0913862386628538,0.3860369768696917,0.13078408859267268,0.008221571955462819,-0.0034690634295470014,0.12478526647460379,0.004319985296992079,0.12480811416263679,0.05482424970596148,0.015908391289434148,0.0037711730915523365,5.708889248905995
cells_ebv-transformed_lymphocytes,v11,327,20460,0.9644011147799345,294,251,-0.012382753866934309,0.27682926785539197,0.17228991030704885,0.011851513593516695,-0.0026156906572435256,0.16401344888433733,0.006256040605227872,0.16641661978623346,0.08842151307261431,0.028261186136757547,0.006026888556116066,5.621954927969685
colon_sigmoid,v11,419,21819,0.9523372234572054,251,245,-0.3207237450556097,0.44681645246341267,0.14727191155456945,0.012351143558468086,-0.0014211531011660533,0.13619705414728436,0.004604149854725681,0.13518469174054645,0.06448805573208781,0.019850446616610444,0.0060243408289040335,7.4603355513617435
colon_transverse,v11,479,22720,0.9112238456733396,184,170,0.07483459433729502,0.34371295822390524,0.1786725951283433,0.01749984711673492,-0.0013092798728712885,0.16703132515811794,0.00930868477625664,0.16703132515811794,0.08486989251467895,0.017564301564414686,0.00930868477625664,8.094590951541315
esophagus_gastroesophageal_junction,v11,403,21504,0.9599212514602828,288,265,-0.30948778645970276,0.22235217981841776,0.14792024774587856,0.015044097743490822,-0.0009301127064779636,0.13450538856188127,0.006185653457016013,0.13209429531996564,0.0652064002928748,0.019088027983526764,0.00652226387558634,7.792810756056217
heart_atrial_appendage,v11,461,21013,0.9536691915305752,270,200,-0.3581911927946047,0.33649519366240804,0.14377196599104,0.016760780712171377,-0.0037405849905877316,0.12802222429612475,0.005838843388587521,0.12779397349724644,0.06247301792215421,0.019637529620723126,0.005085873740917599,6.417705219174428
heart_left_ventricle,v11,452,19488,0.9372776630078329,211,176,-0.6651671417331093,0.30128698667404075,0.1454275859911944,0.01812502042003218,-0.0012810088506969705,0.1255678820718028,0.005398247874089057,0.1255678820718028,0.06351134897828489,0.015387331846087168,0.005398247874089057,7.636225929733012
kidney_cortex,v11,104,22458,0.9442094827632163,238,217,-0.06203252714953014,0.04460196255472976,0.15636118759703618,0.014036448293583512,-0.0032927420720014026,0.14366666717849821,0.004588571122429434,0.14366666717849821,0.07139662823542262,0.021210550319282994,0.004588571122429434,5.893466862114822
liver,v11,262,20145,0.936648254179461,197,161,-0.25285871356399603,0.25801097525638234,0.15793798085920552,0.016192237241720746,-0.005798852114125394,0.14496173627654385,0.007730043666111769,0.14496173627654385,0.07114800095461786,0.02341286884193307,0.007730043666111769,10.009300109327384
lung,v11,604,23163,0.9441683120383264,241,226,-0.06791514974040136,0.4658029434161948,0.16809530361632358,0.014994406134698294,-0.0011240993019515063,0.1562036189271611,0.006548460814682077,0.1597299750114078,0.07838411281640685,0.02326492784671741,0.006035057184839876,8.536959495908095
muscle_skeletal,v11,818,18796,0.9482597744666899,236,202,-0.21665350478668843,0.4040187628912291,0.13891208767080113,0.011807645518858104,-0.0010857137952217514,0.12650151190796954,0.004134423363260587,0.1286424750547679,0.06378580565003789,0.013999405881111208,0.004021705548521879,6.626757946163001
nerve_tibial,v11,670,23435,0.9705151370074181,332,292,-0.10994624600756234,0.5025186236280521,0.1593645536089387,0.01392163038355207,-0.0008610110910458905,0.14244576276350088,0.002735847638273672,0.14574968581987433,0.07356068441747289,0.0187366381576037,0.0021982402666389602,4.0798886041536395
pancreas,v11,362,20430,0.9605228739682609,248,255,-0.39427067520610964,0.5112966103051808,0.11895902691719222,0.016615187727200144,-0.002086635877638622,0.1019100544614949,0.004065966522322599,0.1019100544614949,0.05563375060204776,0.011725856608379097,0.004065966522322599,7.069526456148863
small_intestine_terminal_ileum,v11,207,23427,0.9154117009959166,185,154,0.09145603192780966,0.4415804866792231,0.19108147209586301,0.01253665895998424,0.00015907302813042597,0.18145322750495438,0.006331599397193768,0.18145322750495438,0.09090199478196967,0.029284811677659926,0.006331599397193768,5.128782764896116
spleen,v11,277,23250,0.9653380998191631,288,273,-0.2609980413648399,0.23880648578055338,0.16416430311299482,0.02121937913853194,0.00021059340565694434,0.14442152356129495,0.007652292318918827,0.14442152356129495,0.07665056278828827,0.02573733575501544,0.007652292318918827,9.490801440408454
stomach,v11,407,21380,0.9101448609784198,181,171,-0.20884295705830908,0.23559032964528978,0.16892253049755324,0.016782237519464876,-0.0018022565378112796,0.15611425193618717,0.009129713712983052,0.15611425193618717,0.06918602250681004,0.022304716123926375,0.009129713712983052,9.254751694075786
testis,v11,414,36052,0.9630069389195157,460,417,-0.18526359210765334,0.4266575205952042,0.1478991610650574,0.016488887260751345,0.001210703149585414,0.13690693739538498,0.009406048678772143,0.13690693739538498,0.0691285421223838,0.02558994227858464,0.009406048678772143,11.652878590888887
thyroid,v11,684,23534,0.9619201668511748,273,288,-0.20797240577903056,0.3363377941141982,0.16338878028597667,0.016777837424445496,-0.0029862485816328547,0.14953935908117688,0.006821584262804676,0.15466349858487471,0.07425081526890849,0.021726038626609778,0.006659437627366673,10.21273300295168
whole_blood,v10,803,16743,0.9086152658198994,138,108,-0.42717355310343663,0.25094361636320306,0.16951768768427142,0.027732383758608294,-0.008568068438959534,0.14221114321934678,0.008800536086744123,0.14523907883319903,0.07640582271601919,0.027880778672706434,0.009130516367859552,7.903790722938335
skin_sun_exposed_lower_leg,v11,754,22642,0.9606693825716863,299,278,-0.14602648719424202,0.3362494739373549,0.16292489103034355,0.01857779695688038,-0.0008921162313882819,0.1403311490788495,0.0033557587762859382,0.14441473489235396,0.06818999410943337,0.015290091257454017,0.0029315087406022594,5.938074521056563
esophagus_mucosa,v11,614,21378,0.9530521288902127,243,228,-0.48190877572575935,0.2815321295020737,0.15254002636759756,0.018423045891713723,-0.003018684159041126,0.1344240282074865,0.007632526905337812,0.14403148791534037,0.07326703024472085,0.026719465072472057,0.007018620180723314,6.280132592005109
brain_cortex,v11,270,23224,0.9705720117249714,339,305,-0.27194223186160266,0.3643399645143524,0.13964940094664455,0.0191592137011593,-0.0019290354706831675,0.1188836818897909,0.00517996418247714,0.1188836818897909,0.06090727777153098,0.020121786471523736,0.00517996418247714,9.408292958651339
brain_amygdala,v11,181,21983,0.9599503503808149,256,251,-0.27083263626422555,0.29827036952720287,0.1201116798425863,0.017399157521569203,-0.0010833777411636365,0.1020330869538917,0.005283041365032746,0.1020330869538917,0.05037536591170017,0.012927521992986364,0.005283041365032746,7.013788452627055
bladder,v11,77,23064,0.9430957502214361,223,218,-0.16696050533064793,,0.1650638799498866,0.013948272940319618,-0.0024876256426306794,0.15213472083792215,0.005569273493611151,0.15213472083792215,0.07955559072351527,0.02684667159590621,0.005569273493611151,5.108783447990181
esophagus_muscularis,v10,561,20282,0.9619364365659394,227,235,-0.4599412787107777,0.28709787115629964,0.13178372942761016,0.017919977184319792,-0.0021822105422049554,0.11337964900262779,0.005764972257192677,0.12021207846843786,0.060437020025434364,0.015137823221148556,0.005432347865049776,6.883271318188057
pituitary,v10,313,22983,0.9519792786813738,264,258,-0.33044386777976664,0.38510580852107457,0.17517358734348276,0.016388846289244967,-0.0024036680761314534,0.16074271851706762,0.005668417844954755,0.16074271851706762,0.08159437484456034,0.02291519802530542,0.005668417844954755,5.81992765448384
brain_hippocampus,v11,255,22286,0.9493479506050736,233,233,-0.18980137221766527,0.3552657489194795,0.1402764312964489,0.016214300596048347,-0.0008277743240356347,0.12270355425062283,0.004916649109460306,0.12270355425062283,0.06349081002297832,0.016568195325588016,0.004916649109460306,5.5785468846746635
