cell,stat,estimate,ci_low,ci_high,boot_se,B
GM12878,contact_coef,0.0184513890922682,0.014420181622348802,0.021617316485473676,0.0018245134319473685,200
GM12878,k_distance,0.5155708161476592,0.45317400494324556,0.5861033773828259,0.033542676339955696,200
GM12878,k_contact,0.4965364120640345,0.3876757679976657,0.6353509308820691,0.06631982212721661,200
GM12878,k_t1,0.8414727677679048,0.7164126757136928,0.9986420727510738,0.07932591231545744,200
GM12878,k_t2,0.6098747598811796,0.42817691917857054,0.7925363616117715,0.09805996219925828,200
GM12878,k_t3,0.2292949579001352,0.18178690749210877,0.4520303774987229,0.07371820319083418,200
GM12878,k_t1_minus_k_t3,0.6121778098677696,0.39933491468984955,0.7977904633311879,0.10050626558572842,200
GM12878,P(k_t1>k_t2>k_t3) across replicates,0.995,,,,200
IMR90,contact_coef,0.0100452311383468,0.0063558564736804195,0.014637857151635734,0.002014960790573949,200
IMR90,k_distance,0.5097401159246169,0.42866715901747116,0.6012954415152074,0.04469593318017554,200
IMR90,k_contact,0.4091529165647398,0.2198579730261993,0.609047506666362,0.10383929016317951,200
IMR90,k_t1,0.6714046694606004,0.5364954995327902,0.9173331366200209,0.10144755942302264,200
IMR90,k_t2,0.4266271751170142,0.27180478082200193,0.8660695935585913,0.15981527864895242,200
IMR90,k_t3,0.3287107947957617,0.07938851015017317,0.7365470511312978,0.18704703147303517,200
IMR90,k_t1_minus_k_t3,0.3426938746648387,-0.06477335974352873,0.6723996933793248,0.1930448730359351,200
IMR90,P(k_t1>k_t2>k_t3) across replicates,0.675,,,,200
