cohort,genes,mutation_class,tmb_quantile_kept,n_mutant,n_wildtype,mean_cis_excess_wt,raw_diff_pct,adj_effect,adj_effect_pct,ci_low_pct,ci_high_pct,p_adj_HC3,p_perm_10000
BLCA,STAG2,all coding,0.9,47,318,0.08787762049726722,-12.300208414617032,-0.011004989640953297,-12.523085603228784,-22.6953081522849,-2.350863054172668,0.01582513250489145,0.028097190280971903
BLCA,STAG2,all coding,0.7,35,249,0.08831814923213471,-15.930435007778602,-0.01508445006253571,-17.079671838330604,-28.567423731743055,-5.591919944918159,0.0035680675831042015,0.012998700129987
BLCA,STAG2,truncating,0.9,36,329,0.08786730491686072,-15.941460622682746,-0.014094070321099859,-16.0401759612811,-27.590846212290497,-4.4895057102717,0.006493502833003451,0.014298570142985701
BLCA,STAG2,truncating,0.7,27,257,0.0881496276131411,-18.67914648905677,-0.017913717029996293,-20.321942945253877,-33.470848057294695,-7.173037833213062,0.002452261940715384,0.011398860113988602
UCEC,CTCF,all coding,0.9,84,384,0.07335829741534398,-19.8861449702371,-0.0003522650193558416,-0.48019792139036216,-9.109122686443468,8.148726843662745,0.9131457002996007,0.9235076492350764
UCEC,CTCF,all coding,0.7,50,315,0.07510939286192972,-30.357397669795706,-0.0027148046630828294,-3.614467591388117,-14.550940943595208,7.322005760818972,0.5171392248989674,0.5949405059494051
UCEC,CTCF,truncating,0.9,67,401,0.07258659665384358,-17.770798258896985,-6.797376123179703e-06,-0.00936450589575861,-9.567632104975647,9.54890309318413,0.9984678772268144,0.998000199980002
UCEC,CTCF,truncating,0.7,41,324,0.07458076460857185,-30.97357663259408,-0.0039803945245874195,-5.33702563318845,-17.280839583580764,6.606788317203862,0.3811394179721088,0.44285571442855715
UCEC,cohesin,all coding,0.9,98,370,0.07211550209403733,-9.10918709285512,-0.0009977628581671425,-1.3835622427839127,-10.970179453664228,8.203054968096401,0.7772792306165406,0.8115188481151885
UCEC,cohesin,all coding,0.7,37,328,0.07292424286532835,-12.693035643379826,-0.0023593005341384,-3.2352760089609705,-16.878823649484637,10.408271631562698,0.6421007499688871,0.636936306369363
UCEC,cohesin,truncating,0.9,50,418,0.07177715525600377,-13.526002999737475,-0.0022854165684947463,-3.1840445060039957,-13.74474656735055,7.376657555342556,0.5545687904990947,0.6334366563343665
UCEC,cohesin,truncating,0.7,13,352,0.0728081226367532,-31.706016694260928,-0.013618311778231697,-18.704385287030103,-30.70137874182108,-6.7073918322391215,0.0022449157024805053,0.08649135086491351
STAD,cohesin+CTCF,all coding,0.9,49,284,0.07792190287735734,-10.369723318064128,-0.0059513363104979,-7.637565422221289,-19.101274208979213,3.826143364536636,0.19161932720679387,0.2746725327467253
STAD,cohesin+CTCF,all coding,0.7,20,239,0.07737113334083316,-4.386015994749725,-0.003253278697893042,-4.20477063915012,-22.22822577148786,13.818684493187623,0.6474923941299201,0.6411358864113589
STAD,cohesin+CTCF,truncating,0.9,13,320,0.07723233705512784,-16.564263546951242,-0.0015022159586602062,-1.9450608591423773,-26.57098436005106,22.680862641766296,0.8769739882190183,0.8691130886911309
COAD,cohesin+CTCF,all coding,0.9,50,300,0.056459904527692284,3.0239401724222787,-0.0051749660243489565,-9.165736406463024,-20.22655936701172,1.8950865540856774,0.10434230133984532,0.21587841215878412
COAD,cohesin+CTCF,all coding,0.7,21,251,0.05541124304589514,-18.922058248133506,-0.008230683076690322,-14.853814179683972,-28.901242134985125,-0.8063862243828218,0.03822118143934738,0.11308869113088692
COAD,cohesin+CTCF,truncating,0.9,13,337,0.05639158897699375,14.906223188338487,-0.0009939511468091754,-1.762587585915837,-23.639315724788815,20.114140552957142,0.8745257712829229,0.8861113888611138
