tissue,p_coloc_bin,n,mean_r
adipose_subcutaneous,0,3300,0.10568720236332246
adipose_subcutaneous,0-0.1,19,0.39403050489263686
adipose_subcutaneous,0.1-0.5,35,0.5361006858722376
adipose_subcutaneous,0.5-0.8,23,0.5132526987147086
adipose_subcutaneous,>0.8,70,0.4899910859630678
adipose_visceral_omentum,0,2316,0.12143284021218688
adipose_visceral_omentum,0-0.1,13,0.35083433058051805
adipose_visceral_omentum,0.1-0.5,39,0.48773170358041956
adipose_visceral_omentum,0.5-0.8,13,0.5986922031744426
adipose_visceral_omentum,>0.8,41,0.49733936309535653
adrenal_gland,0,1338,0.12243298281313973
adrenal_gland,0-0.1,8,0.30127719644812856
adrenal_gland,0.1-0.5,23,0.556652720902543
adrenal_gland,0.5-0.8,14,0.4701438737116049
adrenal_gland,>0.8,30,0.44280505449626456
artery_aorta,0,2665,0.10542231971712958
artery_aorta,0-0.1,25,0.3945789815721067
artery_aorta,0.1-0.5,58,0.4769413305690193
artery_aorta,0.5-0.8,24,0.49085190262945305
artery_aorta,>0.8,49,0.536947251047506
artery_coronary,0,1044,0.13576042656742218
artery_coronary,0-0.1,7,0.32424736773207646
artery_coronary,0.1-0.5,22,0.6724563048547884
artery_coronary,0.5-0.8,3,0.6088363596981332
artery_coronary,>0.8,21,0.5885208535259944
artery_tibial,0,3549,0.10643127433212025
artery_tibial,0-0.1,15,0.42672286194258746
artery_tibial,0.1-0.5,48,0.4942887017859092
artery_tibial,0.5-0.8,36,0.40027828256629433
artery_tibial,>0.8,70,0.5107429274142296
bladder,0,77,0.21811146822965805
bladder,0-0.1,4,0.6883885569384014
bladder,0.1-0.5,6,0.8635007426626888
bladder,0.5-0.8,2,0.7513060494987569
bladder,>0.8,1,0.8840717691058219
brain_amygdala,0,656,0.10920675188345251
brain_amygdala,0-0.1,5,0.5158924331772503
brain_amygdala,0.1-0.5,10,0.5265596596953414
brain_amygdala,0.5-0.8,0,
brain_amygdala,>0.8,12,0.5183632203112707
brain_caudate_basal_ganglia,0,1737,0.1161273872546924
brain_caudate_basal_ganglia,0-0.1,12,0.34824399609020434
brain_caudate_basal_ganglia,0.1-0.5,19,0.5444318788269863
brain_caudate_basal_ganglia,0.5-0.8,11,0.3758362741282161
brain_caudate_basal_ganglia,>0.8,26,0.6001148486201922
brain_cerebellar_hemisphere,0,2483,0.09846179434581924
brain_cerebellar_hemisphere,0-0.1,24,0.3073652811177362
brain_cerebellar_hemisphere,0.1-0.5,68,0.46592646785042513
brain_cerebellar_hemisphere,0.5-0.8,30,0.44720354602780366
brain_cerebellar_hemisphere,>0.8,78,0.4785298097441272
brain_cortex,0,1887,0.10985293623976465
brain_cortex,0-0.1,11,0.3696699390353146
brain_cortex,0.1-0.5,24,0.4879110737456626
brain_cortex,0.5-0.8,7,0.606703497517012
brain_cortex,>0.8,21,0.5027466367519389
brain_frontal_cortex_ba9,0,1819,0.10587232555011626
brain_frontal_cortex_ba9,0-0.1,10,0.2760857413723433
brain_frontal_cortex_ba9,0.1-0.5,20,0.49727548048216563
brain_frontal_cortex_ba9,0.5-0.8,9,0.518826438430794
brain_frontal_cortex_ba9,>0.8,21,0.5903865956153771
brain_hippocampus,0,1147,0.12704147407360472
brain_hippocampus,0-0.1,8,0.3379095173814405
brain_hippocampus,0.1-0.5,7,0.4173647437141549
brain_hippocampus,0.5-0.8,5,0.6387671011305475
brain_hippocampus,>0.8,16,0.5285567067058903
cells_cultured_fibroblasts,0,4045,0.08819492259369174
cells_cultured_fibroblasts,0-0.1,16,0.20134853381426382
cells_cultured_fibroblasts,0.1-0.5,39,0.3767742598506866
cells_cultured_fibroblasts,0.5-0.8,26,0.2776841611136703
cells_cultured_fibroblasts,>0.8,97,0.4631652129758061
cells_ebv_transformed_lymphocytes,0,1907,0.13569623093142336
cells_ebv_transformed_lymphocytes,0-0.1,18,0.5799341702970492
cells_ebv_transformed_lymphocytes,0.1-0.5,45,0.5669179819759969
cells_ebv_transformed_lymphocytes,0.5-0.8,15,0.5481471799657569
cells_ebv_transformed_lymphocytes,>0.8,49,0.5430888252763694
colon_sigmoid,0,2117,0.10106495015207714
colon_sigmoid,0-0.1,10,0.447445607875232
colon_sigmoid,0.1-0.5,36,0.5381713194642934
colon_sigmoid,0.5-0.8,16,0.5066717026179453
colon_sigmoid,>0.8,41,0.5219108022961361
colon_transverse,0,2163,0.12643726355467896
colon_transverse,0-0.1,10,0.42682991912427404
colon_transverse,0.1-0.5,27,0.5572375547645477
colon_transverse,0.5-0.8,12,0.5828846278009284
colon_transverse,>0.8,42,0.5542301810519836
esophagus_gastroesophageal_junction,0,2160,0.09818444197153964
esophagus_gastroesophageal_junction,0-0.1,12,0.2843158776850832
esophagus_gastroesophageal_junction,0.1-0.5,32,0.5285877326570806
esophagus_gastroesophageal_junction,0.5-0.8,8,0.44965701239217326
esophagus_gastroesophageal_junction,>0.8,26,0.5826848981759679
esophagus_mucosa,0,3067,0.12379890681793056
esophagus_mucosa,0-0.1,16,0.31045604107597957
esophagus_mucosa,0.1-0.5,60,0.4985926445336614
esophagus_mucosa,0.5-0.8,25,0.4791368604557696
esophagus_mucosa,>0.8,64,0.46016070347587856
esophagus_muscularis,0,2887,0.09156190318984665
esophagus_muscularis,0-0.1,10,0.45273408020385675
esophagus_muscularis,0.1-0.5,43,0.45240180943674807
esophagus_muscularis,0.5-0.8,24,0.47825594460114634
esophagus_muscularis,>0.8,52,0.4140907852558956
heart_atrial_appendage,0,2205,0.10341425948735557
heart_atrial_appendage,0-0.1,10,0.41639306634602563
heart_atrial_appendage,0.1-0.5,21,0.4902812879017974
heart_atrial_appendage,0.5-0.8,18,0.48278600222430895
heart_atrial_appendage,>0.8,39,0.5141769719313534
heart_left_ventricle,0,1682,0.11699090898628682
heart_left_ventricle,0-0.1,6,0.3449735721467658
heart_left_ventricle,0.1-0.5,33,0.5031068737541358
heart_left_ventricle,0.5-0.8,7,0.5268437307856167
heart_left_ventricle,>0.8,30,0.5368488397950449
kidney_cortex,0,138,0.105137872523935
kidney_cortex,0-0.1,2,0.5003481558297177
kidney_cortex,0.1-0.5,8,0.6204022397606404
kidney_cortex,0.5-0.8,3,0.8803556246993726
kidney_cortex,>0.8,4,0.2999398380733616
liver,0,838,0.1483537050241802
liver,0-0.1,8,0.35278610685406847
liver,0.1-0.5,19,0.5726215264140988
liver,0.5-0.8,8,0.5657971548544106
liver,>0.8,17,0.6566956604769646
lung,0,2703,0.13376576563371434
lung,0-0.1,17,0.5093117327569533
lung,0.1-0.5,39,0.47528215419593334
lung,0.5-0.8,15,0.5841251126370182
lung,>0.8,63,0.5385998887372191
muscle_skeletal,0,2842,0.0944751815425787
muscle_skeletal,0-0.1,18,0.3043353119100509
muscle_skeletal,0.1-0.5,38,0.45311687417669894
muscle_skeletal,0.5-0.8,14,0.5358784908492152
muscle_skeletal,>0.8,56,0.4362835917857478
nerve_tibial,0,4424,0.0993187070209485
nerve_tibial,0-0.1,27,0.2578783388308162
nerve_tibial,0.1-0.5,64,0.37372761205142385
nerve_tibial,0.5-0.8,29,0.49703901168735565
nerve_tibial,>0.8,120,0.5153920697904666
pancreas,0,1944,0.08635586768755982
pancreas,0-0.1,15,0.34962105255604153
pancreas,0.1-0.5,35,0.4325877163444518
pancreas,0.5-0.8,15,0.4052646661289601
pancreas,>0.8,51,0.5647010142790727
pituitary,0,1552,0.14611696241083327
pituitary,0-0.1,7,0.4506245298276591
pituitary,0.1-0.5,25,0.5980988587525876
pituitary,0.5-0.8,9,0.558216504964776
pituitary,>0.8,35,0.5208869200429579
skin_sun_exposed_lower_leg,0,3829,0.1152243652229592
skin_sun_exposed_lower_leg,0-0.1,18,0.36294371166858835
skin_sun_exposed_lower_leg,0.1-0.5,45,0.49253709681802665
skin_sun_exposed_lower_leg,0.5-0.8,22,0.43970266747706804
skin_sun_exposed_lower_leg,>0.8,79,0.4831164488483842
small_intestine_terminal_ileum,0,744,0.18862436659199316
small_intestine_terminal_ileum,0-0.1,5,0.8322958102552475
small_intestine_terminal_ileum,0.1-0.5,21,0.6316710591765844
small_intestine_terminal_ileum,0.5-0.8,6,0.615680219562642
small_intestine_terminal_ileum,>0.8,14,0.6910075639814457
spleen,0,2120,0.11946250693100648
spleen,0-0.1,21,0.4241235374268091
spleen,0.1-0.5,29,0.5785067390802761
spleen,0.5-0.8,10,0.40574388181801424
spleen,>0.8,35,0.49736849441715947
stomach,0,1523,0.11760662734721303
stomach,0-0.1,13,0.5616003203376434
stomach,0.1-0.5,16,0.557389277629542
stomach,0.5-0.8,13,0.5423131353329376
stomach,>0.8,29,0.5455205919262403
testis,0,4277,0.12289760546074571
testis,0-0.1,26,0.4782642492964951
testis,0.1-0.5,47,0.44994840184628954
testis,0.5-0.8,22,0.5122431360747179
testis,>0.8,69,0.5343244477030953
thyroid,0,3976,0.11050112973190489
thyroid,0-0.1,14,0.3446407913731177
thyroid,0.1-0.5,76,0.45934416245567816
thyroid,0.5-0.8,28,0.5268698499784159
thyroid,>0.8,105,0.5237026002144244
whole_blood,0,2758,0.13744940649169646
whole_blood,0-0.1,22,0.34514004786047253
whole_blood,0.1-0.5,63,0.37349209882121515
whole_blood,0.5-0.8,17,0.4271845918032795
whole_blood,>0.8,85,0.4748609162764075
