cell,perturbation,class,replicates,pairs,slope_on_baseline_coupling,p,concordance_low_coupling,concordance_high_coupling
MOLM-13,JQ1 (exp 1),chromatin/transcription,3v3,3544,0.1299636365296239,0.08610099917084621,-0.0005959245798607989,0.0759404915917274
MOLM-13,JQ1 (exp 2),chromatin/transcription,3v3,2390,0.0033781168269599606,0.9653703885056484,-0.014098749342515031,-0.011497957198543044
MV4-11,JQ1,chromatin/transcription,3v3,3747,0.19235544770730098,0.004821743749821357,-0.0251937493198349,0.11522030283775864
K562,JQ1,chromatin/transcription,3v3,3294,0.0376174221066034,0.5673141399521431,-0.03532811090585193,0.05832638472866453
K562,BRD4 degradation,chromatin/transcription,3v3,2274,-0.008896854094998031,0.9175001892514718,0.05820605629733286,0.03981642359094394
MOLM-13,NVP-2 6 nM (CDK9i),chromatin/transcription,3v3,2390,-0.061369732220905825,0.2989389377384501,0.03995260275089242,-0.05230812711854279
MOLM-13,NVP-2 60 nM (CDK9i),chromatin/transcription,3v2,2390,-0.009742014625768753,0.9097939220622728,0.011111075216906503,9.638819833861642e-05
K562,flavopiridol (CDK9i),chromatin/transcription,1v1,1528,-0.018774618311628025,0.8491281806203956,0.026845737278614556,0.06507946776004585
K562,nilotinib (BCR-ABL),signalling,1v1,3013,-0.018911134675465412,0.7843597478804191,0.02617822380385266,0.00887749134160885
K562,trametinib (MEK),signalling,1v1,3013,-0.11918823550954534,0.09470556012974791,0.05540649657654294,-0.026181112845206116
K562,MK-2206 (AKT),signalling,1v1,3013,-0.015415238802963346,0.8291022651265617,0.04196348613832903,0.040150911187254994
K562,MK-2206 + trametinib,signalling,1v1,3013,-0.08317974202131975,0.241113143424536,0.09190413753008034,-0.0009087313992083876
