coupling_tissue,eqtl_tissue,n,b_own,b_other
adipose_subcutaneous,adipose_visceral_omentum,4509,0.05647224727556841,0.08390477090560503
adipose_subcutaneous,adrenal_gland,2395,0.055739777879472416,0.10174465570820854
adipose_subcutaneous,artery_aorta,4436,0.06715700126312024,0.0617535355908317
adipose_subcutaneous,artery_coronary,1896,0.040270662997352796,0.15794719343874275
adipose_subcutaneous,artery_tibial,5631,0.06778276613314317,0.05115677079358044
adipose_subcutaneous,brain_amygdala,927,0.09841554484581704,0.12690246346224834
adipose_subcutaneous,brain_caudate_basal_ganglia,2745,0.06372541170562854,0.08117629105603603
adipose_subcutaneous,brain_cerebellar_hemisphere,3309,0.08217979725460922,0.058370152363932976
adipose_subcutaneous,brain_cortex,2798,0.06717392259849639,0.0966995672118475
adipose_subcutaneous,brain_frontal_cortex_ba9,2687,0.062446817424466144,0.08346759173539059
adipose_subcutaneous,brain_hippocampus,1677,0.07041322061756898,0.11066338154844405
adipose_subcutaneous,cells_cultured_fibroblasts,5255,0.07885734928641733,0.04046993367671391
adipose_subcutaneous,cells_ebv_transformed_lymphocytes,2819,0.05942396336847027,0.08129528416062119
adipose_subcutaneous,colon_sigmoid,3736,0.0780131527169545,0.0533368529019737
adipose_subcutaneous,colon_transverse,3678,0.061393515747147215,0.06273862725519547
adipose_subcutaneous,esophagus_gastroesophageal_junction,3667,0.06989600463577748,0.07379691113983858
adipose_subcutaneous,esophagus_mucosa,4784,0.07889626962054756,0.04681184913682302
adipose_subcutaneous,esophagus_muscularis,4992,0.06837772900629983,0.05778599178510799
adipose_subcutaneous,heart_atrial_appendage,3568,0.0631365257274749,0.0743603270206425
adipose_subcutaneous,heart_left_ventricle,2829,0.05874145070299736,0.09490182952843491
adipose_subcutaneous,liver,1304,0.07723095063097431,0.11733124777769016
adipose_subcutaneous,lung,4642,0.06678856455903966,0.06189777218153966
adipose_subcutaneous,muscle_skeletal,4454,0.07400060467015064,0.04285810995542933
adipose_subcutaneous,nerve_tibial,6386,0.07310921515980028,0.032105989891844745
adipose_subcutaneous,pancreas,2854,0.07709603126472526,0.06714061944018078
adipose_subcutaneous,pituitary,2635,0.05868840722470187,0.09450193291040546
adipose_subcutaneous,skin_sun_exposed_lower_leg,5914,0.08815297720680283,0.02815808479606009
adipose_subcutaneous,small_intestine_terminal_ileum,1412,0.05574789553811526,0.1455999422761814
adipose_subcutaneous,spleen,3169,0.05619403921764361,0.07883860380313233
adipose_subcutaneous,stomach,2714,0.0639490020296217,0.07922565724424604
adipose_subcutaneous,testis,4410,0.08373164010514175,0.03234658630362349
adipose_subcutaneous,thyroid,5785,0.08493737525045059,0.025626962534277244
adipose_subcutaneous,whole_blood,3687,0.07734080575552388,0.05277453284418077
adipose_visceral_omentum,adipose_subcutaneous,4484,0.09698486951581956,0.05406184818437938
adipose_visceral_omentum,adrenal_gland,1977,0.08035147352306721,0.11310186226629727
adipose_visceral_omentum,artery_aorta,3384,0.09623759528948074,0.05821462422966978
adipose_visceral_omentum,artery_coronary,1643,0.07287671862333193,0.14176002500185345
adipose_visceral_omentum,artery_tibial,4096,0.10161160298635377,0.04682462231439055
adipose_visceral_omentum,brain_amygdala,804,0.09719170247408007,0.12153573016712937
adipose_visceral_omentum,brain_caudate_basal_ganglia,2191,0.10659414878874268,0.06241283989544112
adipose_visceral_omentum,brain_cerebellar_hemisphere,2505,0.11837384879264777,0.05289705592246134
adipose_visceral_omentum,brain_cortex,2173,0.09536218250497695,0.10118970462456336
adipose_visceral_omentum,brain_frontal_cortex_ba9,2094,0.09589753974240271,0.08474404826792005
adipose_visceral_omentum,brain_hippocampus,1357,0.08984759490140928,0.1098888877624283
adipose_visceral_omentum,cells_cultured_fibroblasts,3766,0.10401731617269105,0.03538548698050407
adipose_visceral_omentum,cells_ebv_transformed_lymphocytes,2133,0.08488937957735924,0.0851748364955068
adipose_visceral_omentum,colon_sigmoid,3008,0.11563829811721868,0.0409329032963238
adipose_visceral_omentum,colon_transverse,2970,0.09528955672454485,0.06108864447791987
adipose_visceral_omentum,esophagus_gastroesophageal_junction,3002,0.0935948696892163,0.0728099286062517
adipose_visceral_omentum,esophagus_mucosa,3677,0.10874113661434158,0.035409342675493685
adipose_visceral_omentum,esophagus_muscularis,3799,0.0992405151044363,0.04994401898304864
adipose_visceral_omentum,heart_atrial_appendage,2951,0.09891488492738254,0.060224592145376836
adipose_visceral_omentum,heart_left_ventricle,2378,0.09949762089382232,0.07872724369550847
adipose_visceral_omentum,liver,1124,0.0865924371151351,0.137140782522646
adipose_visceral_omentum,lung,3677,0.09544241188815104,0.05141230739298501
adipose_visceral_omentum,muscle_skeletal,3322,0.11979331931359714,0.03422355281896915
adipose_visceral_omentum,nerve_tibial,4538,0.10355434619456069,0.03943806244715041
adipose_visceral_omentum,pancreas,2351,0.08717232192834894,0.07620028909025127
adipose_visceral_omentum,pituitary,2182,0.10495340257097026,0.07632705168272982
adipose_visceral_omentum,skin_sun_exposed_lower_leg,4244,0.11339036618211223,0.034055243267117154
adipose_visceral_omentum,small_intestine_terminal_ileum,1251,0.10752899169523118,0.12272996977865909
adipose_visceral_omentum,spleen,2613,0.10443119458524516,0.06231783141321336
adipose_visceral_omentum,stomach,2318,0.07817472940552507,0.07507327164400282
adipose_visceral_omentum,testis,3299,0.10812832428029258,0.04453212260967662
adipose_visceral_omentum,thyroid,4318,0.12220167107396109,0.018247436579191142
adipose_visceral_omentum,whole_blood,2788,0.0966016520319404,0.053160001122426734
adrenal_gland,adipose_subcutaneous,2402,0.13618964123960905,0.027302670476523933
adrenal_gland,adipose_visceral_omentum,2000,0.1296400204517123,0.05173451317776895
adrenal_gland,artery_aorta,2014,0.12162217122006175,0.0515902539113
adrenal_gland,artery_coronary,1123,0.08235177312456693,0.1322953375929
adrenal_gland,artery_tibial,2343,0.13905881144010598,0.03462455478857496
adrenal_gland,brain_amygdala,625,0.12312076958192149,0.0809358402250826
adrenal_gland,brain_caudate_basal_ganglia,1462,0.14444025835445104,0.04175324873108275
adrenal_gland,brain_cerebellar_hemisphere,1612,0.1504364478440277,0.046944208371873866
adrenal_gland,brain_cortex,1425,0.13422606295643288,0.0754526170041137
adrenal_gland,brain_frontal_cortex_ba9,1393,0.1445759910333533,0.06268082517392166
adrenal_gland,brain_hippocampus,1002,0.1196569570155265,0.08777927572919625
adrenal_gland,cells_cultured_fibroblasts,2197,0.13372821880404667,0.010241610829318072
adrenal_gland,cells_ebv_transformed_lymphocytes,1373,0.09609200243809064,0.0796390482131601
adrenal_gland,colon_sigmoid,1828,0.12365863451486797,0.04658854300914029
adrenal_gland,colon_transverse,1832,0.13412821289309618,0.03317724210250751
adrenal_gland,esophagus_gastroesophageal_junction,1816,0.12885355015048333,0.038654038319126324
adrenal_gland,esophagus_mucosa,2209,0.14098102469947488,0.029767845967412845
adrenal_gland,esophagus_muscularis,2228,0.14506569158391136,0.021150001692651785
adrenal_gland,heart_atrial_appendage,1844,0.1120718201551329,0.053374295117035814
adrenal_gland,heart_left_ventricle,1510,0.1273451146377467,0.055360560902579396
adrenal_gland,liver,825,0.08405908072890989,0.06807761633797996
adrenal_gland,lung,2131,0.1317387550841168,0.03066579217163155
adrenal_gland,muscle_skeletal,1979,0.11830634723781304,0.040529395896773464
adrenal_gland,nerve_tibial,2624,0.13398656045928073,0.03660271465134728
adrenal_gland,pancreas,1564,0.12227819538724238,0.04693963874057326
adrenal_gland,pituitary,1503,0.1305160128144613,0.0471398479909372
adrenal_gland,skin_sun_exposed_lower_leg,2474,0.14337501144721315,0.023314130600235197
adrenal_gland,small_intestine_terminal_ileum,907,0.07886336738773989,0.06952612699837336
adrenal_gland,spleen,1688,0.13158535175419572,0.05294319062806922
adrenal_gland,stomach,1514,0.10364960819171701,0.07350335419947696
adrenal_gland,testis,2022,0.14877585670323065,0.03688372142523845
adrenal_gland,thyroid,2521,0.13807642433009903,0.03340943533622522
adrenal_gland,whole_blood,1644,0.1177625836602619,0.058505169757833646
artery_aorta,adipose_subcutaneous,4490,0.09402585534611829,0.033949391518221926
artery_aorta,adipose_visceral_omentum,3428,0.0845079123173656,0.06765850407444599
artery_aorta,adrenal_gland,2027,0.09073363006116242,0.09630518686844056
artery_aorta,artery_coronary,1849,0.09395434525467673,0.1427026800111074
artery_aorta,artery_tibial,4956,0.1006366323291651,0.03662181129410524
artery_aorta,brain_amygdala,839,0.11499347245579396,0.12870038839362213
artery_aorta,brain_caudate_basal_ganglia,2355,0.09927990697841374,0.060066988868822835
artery_aorta,brain_cerebellar_hemisphere,2810,0.10681882298302617,0.06152649703368179
artery_aorta,brain_cortex,2361,0.08821812726779568,0.07635196325461491
artery_aorta,brain_frontal_cortex_ba9,2259,0.1059788970992441,0.07370712770755927
artery_aorta,brain_hippocampus,1415,0.09316756809894713,0.12251842855901919
artery_aorta,cells_cultured_fibroblasts,4185,0.09401981454142454,0.03408659056226156
artery_aorta,cells_ebv_transformed_lymphocytes,2269,0.07237380978625227,0.08701826124647637
artery_aorta,colon_sigmoid,3215,0.10362156522941322,0.04458424560554554
artery_aorta,colon_transverse,3106,0.09300311517041768,0.048703767481495824
artery_aorta,esophagus_gastroesophageal_junction,3240,0.09730167501803196,0.047727943259764476
artery_aorta,esophagus_mucosa,3872,0.10316594833846462,0.03227217495354757
artery_aorta,esophagus_muscularis,4197,0.09773787870935308,0.046440463927584046
artery_aorta,heart_atrial_appendage,3127,0.08583777382606346,0.06776954458638805
artery_aorta,heart_left_ventricle,2461,0.08738754593197776,0.0628153356206665
artery_aorta,liver,1126,0.0898597721320118,0.08191205370860692
artery_aorta,lung,3760,0.08598338044242096,0.058448068884306384
artery_aorta,muscle_skeletal,3629,0.10344512648919221,0.022621170454662554
artery_aorta,nerve_tibial,4908,0.09913180245921396,0.03297405348665321
artery_aorta,pancreas,2487,0.08671266298788251,0.0558947807451075
artery_aorta,pituitary,2269,0.08518675259002599,0.09708435435399557
artery_aorta,skin_sun_exposed_lower_leg,4508,0.10652389839262852,0.03682800128796355
artery_aorta,small_intestine_terminal_ileum,1204,0.06696599493126125,0.12693823982885952
artery_aorta,spleen,2595,0.08326617451887644,0.08470826334681686
artery_aorta,stomach,2357,0.09524151637801848,0.06312586516132974
artery_aorta,testis,3512,0.11332910522087065,0.02431666719791327
artery_aorta,thyroid,4523,0.10163914086767542,0.0397030465724539
artery_aorta,whole_blood,2919,0.09091132732061187,0.044703595318794725
artery_coronary,adipose_subcutaneous,1892,0.18102057663577426,0.02427922979796879
artery_coronary,adipose_visceral_omentum,1647,0.1727125647276798,0.04353882999977874
artery_coronary,adrenal_gland,1146,0.17018669643676526,0.0743341589401041
artery_coronary,artery_aorta,1848,0.15732798496210543,0.07537929712845388
artery_coronary,artery_tibial,1972,0.17695228984623124,0.05085464074254306
artery_coronary,brain_amygdala,533,0.15057536376997663,0.12386121913854713
artery_coronary,brain_caudate_basal_ganglia,1186,0.17546426225948025,0.0699659221325455
artery_coronary,brain_cerebellar_hemisphere,1269,0.18682694363598484,0.039458819061665415
artery_coronary,brain_cortex,1153,0.15102380988381883,0.08386553662970878
artery_coronary,brain_frontal_cortex_ba9,1124,0.17366118094730465,0.06249321665910276
artery_coronary,brain_hippocampus,847,0.13155417642805414,0.1497002303971245
artery_coronary,cells_cultured_fibroblasts,1586,0.1749329655597104,0.027548024532462558
artery_coronary,cells_ebv_transformed_lymphocytes,997,0.16708925252061382,0.07894677904782847
artery_coronary,colon_sigmoid,1571,0.18157928682466462,0.03974264563904346
artery_coronary,colon_transverse,1505,0.15279453330272244,0.07267295767705566
artery_coronary,esophagus_gastroesophageal_junction,1594,0.16412422054568895,0.058003590448025284
artery_coronary,esophagus_mucosa,1654,0.17212191003071786,0.04382224824117712
artery_coronary,esophagus_muscularis,1808,0.18402166593446365,0.03600412309707708
artery_coronary,heart_atrial_appendage,1544,0.1622805789205664,0.044469954596714746
artery_coronary,heart_left_ventricle,1257,0.18528734922071946,0.035118302290775366
artery_coronary,liver,652,0.15448677124894,0.09183509013590414
artery_coronary,lung,1719,0.18504739639955367,0.030886817080535495
artery_coronary,muscle_skeletal,1507,0.19964997746597285,0.039851125002196175
artery_coronary,nerve_tibial,1961,0.1765120146470076,0.05085918728745065
artery_coronary,pancreas,1188,0.16606364455123765,0.06675419700530533
artery_coronary,pituitary,1212,0.16176640487961522,0.06730130627709544
artery_coronary,skin_sun_exposed_lower_leg,1816,0.18069333164636847,0.05062539086891733
artery_coronary,small_intestine_terminal_ileum,778,0.1258363890445093,0.1018158634348755
artery_coronary,spleen,1306,0.1589861905167957,0.0641759074702304
artery_coronary,stomach,1303,0.15383821437194367,0.06526328760426307
artery_coronary,testis,1544,0.18466090040073363,0.00921592552900911
artery_coronary,thyroid,1869,0.18302184491131185,0.032601121094076084
artery_coronary,whole_blood,1208,0.1458491256986224,0.08195289717395157
artery_tibial,adipose_subcutaneous,5723,0.08066557178325895,0.04315913233670186
artery_tibial,adipose_visceral_omentum,4163,0.0718502193273307,0.0697403580601539
artery_tibial,adrenal_gland,2364,0.07941556307366705,0.11088996341367241
artery_tibial,artery_aorta,4946,0.06866497366375926,0.074889453402102
artery_tibial,artery_coronary,1960,0.0759676146616555,0.1669197026926921
artery_tibial,brain_amygdala,949,0.11987089035680824,0.13100910605065086
artery_tibial,brain_caudate_basal_ganglia,2804,0.09372633313229364,0.06311224563548343
artery_tibial,brain_cerebellar_hemisphere,3458,0.08888698537678286,0.07572253414292161
artery_tibial,brain_cortex,2868,0.08494146013770561,0.08849947449334186
artery_tibial,brain_frontal_cortex_ba9,2704,0.10529825981867191,0.06925114282808298
artery_tibial,brain_hippocampus,1669,0.11154364190192728,0.1162312065418734
artery_tibial,cells_cultured_fibroblasts,5424,0.08175051169725889,0.03753888279859748
artery_tibial,cells_ebv_transformed_lymphocytes,2832,0.08339376999826818,0.06823315322372642
artery_tibial,colon_sigmoid,3803,0.0896852221500217,0.05913821683966346
artery_tibial,colon_transverse,3601,0.09816247947217706,0.04251946541165754
artery_tibial,esophagus_gastroesophageal_junction,3753,0.073091821787559,0.08002376257658105
artery_tibial,esophagus_mucosa,4818,0.08516303345734663,0.04146027710874916
artery_tibial,esophagus_muscularis,5144,0.08384993780666525,0.053683062780286346
artery_tibial,heart_atrial_appendage,3709,0.07832145585166721,0.07650313720708338
artery_tibial,heart_left_ventricle,2931,0.08745387187939069,0.07314157645755194
artery_tibial,liver,1280,0.0929224579023489,0.07033290144573173
artery_tibial,lung,4518,0.08575493026323011,0.05402915835751104
artery_tibial,muscle_skeletal,4720,0.0833588468748465,0.04791354291093741
artery_tibial,nerve_tibial,6337,0.08450337537494182,0.033047131525038534
artery_tibial,pancreas,2931,0.08271232243501161,0.06134534971092232
artery_tibial,pituitary,2600,0.095637836163414,0.08383830982809447
artery_tibial,skin_sun_exposed_lower_leg,5874,0.0918172401495997,0.04070081891348205
artery_tibial,small_intestine_terminal_ileum,1355,0.08080618642666916,0.13752075334809621
artery_tibial,spleen,3044,0.08994983592513217,0.0728771011997487
artery_tibial,stomach,2687,0.08078525786644102,0.0692709399411874
artery_tibial,testis,4396,0.09023392566816141,0.03077254871048437
artery_tibial,thyroid,5759,0.08552454520760688,0.04279022664417305
artery_tibial,whole_blood,3728,0.08312711883970046,0.052666612258150794
brain_amygdala,adipose_subcutaneous,977,0.1632492637989228,0.024575654512538354
brain_amygdala,adipose_visceral_omentum,840,0.18114190514188525,0.021239156253933376
brain_amygdala,adrenal_gland,676,0.16286437979380386,0.06523869605888119
brain_amygdala,artery_aorta,867,0.16194335400258467,0.03549821871921637
brain_amygdala,artery_coronary,551,0.15494073284774618,0.08368604513769401
brain_amygdala,artery_tibial,978,0.15608532334792743,0.04882533551775971
brain_amygdala,brain_caudate_basal_ganglia,1068,0.14991405206005637,0.042115231274968655
brain_amygdala,brain_cerebellar_hemisphere,927,0.13635182247092748,0.05567962687283121
brain_amygdala,brain_cortex,1010,0.15655778187611363,0.059274646448083085
brain_amygdala,brain_frontal_cortex_ba9,1000,0.1434822853281521,0.058930774424771626
brain_amygdala,brain_hippocampus,878,0.07457833199234533,0.15024351503703198
brain_amygdala,cells_cultured_fibroblasts,876,0.14307513961121177,0.031810374413203404
brain_amygdala,cells_ebv_transformed_lymphocytes,604,0.16365536327557934,0.04563555414973217
brain_amygdala,colon_sigmoid,830,0.17465488331656004,0.0401987918239377
brain_amygdala,colon_transverse,793,0.17813591890359312,0.03223615547548646
brain_amygdala,esophagus_gastroesophageal_junction,810,0.17648010770072856,0.012550388392985204
brain_amygdala,esophagus_mucosa,905,0.17963320119868265,0.02257780973961805
brain_amygdala,esophagus_muscularis,928,0.17390164615717074,0.01851781496373895
brain_amygdala,heart_atrial_appendage,803,0.16606622075996877,0.04831265094329608
brain_amygdala,heart_left_ventricle,688,0.16407069294189303,0.049706196477109735
brain_amygdala,lung,899,0.16502018564879306,0.060749151206479814
brain_amygdala,muscle_skeletal,849,0.1542704511792005,0.09000738359249946
brain_amygdala,nerve_tibial,1073,0.15442409034001392,0.04087587644463161
brain_amygdala,pancreas,658,0.13838547360674214,0.07279818476222906
brain_amygdala,pituitary,759,0.14111181881500132,0.08093624718374355
brain_amygdala,skin_sun_exposed_lower_leg,1014,0.15737080063557546,0.02672298521524682
brain_amygdala,spleen,731,0.14403247555845833,0.04870972653532943
brain_amygdala,stomach,676,0.1577278151932923,0.05114743367738436
brain_amygdala,testis,922,0.1661192964112308,0.015018874626152267
brain_amygdala,thyroid,1040,0.1601724785590842,0.04287875356480794
brain_amygdala,whole_blood,697,0.1626408409284232,0.07122305875168809
brain_caudate_basal_ganglia,adipose_subcutaneous,2782,0.10085096431652564,0.048087417812983674
brain_caudate_basal_ganglia,adipose_visceral_omentum,2214,0.08947900804217611,0.06744943867941428
brain_caudate_basal_ganglia,adrenal_gland,1461,0.10450899420903481,0.0899885679399854
brain_caudate_basal_ganglia,artery_aorta,2329,0.09934283253241978,0.060777019870092
brain_caudate_basal_ganglia,artery_coronary,1173,0.10136115363291583,0.10818084213745777
brain_caudate_basal_ganglia,artery_tibial,2750,0.0996059635209372,0.06707706287167278
brain_caudate_basal_ganglia,brain_amygdala,1050,0.06838259000650186,0.14368082521063005
brain_caudate_basal_ganglia,brain_cerebellar_hemisphere,2442,0.10604249993036896,0.0680730993935517
brain_caudate_basal_ganglia,brain_cortex,2402,0.10246934945854076,0.07312424551966182
brain_caudate_basal_ganglia,brain_frontal_cortex_ba9,2316,0.06691561717391942,0.11087310199624431
brain_caudate_basal_ganglia,brain_hippocampus,1644,0.058980425187364745,0.1535095270315897
brain_caudate_basal_ganglia,cells_cultured_fibroblasts,2553,0.09277871725047603,0.023875321458473753
brain_caudate_basal_ganglia,cells_ebv_transformed_lymphocytes,1521,0.0988043334948296,0.07401081721586564
brain_caudate_basal_ganglia,colon_sigmoid,2118,0.10105816143334374,0.0687387793223407
brain_caudate_basal_ganglia,colon_transverse,2061,0.11332664250169515,0.0497920238648454
brain_caudate_basal_ganglia,esophagus_gastroesophageal_junction,2021,0.09790806865096714,0.05268751366285637
brain_caudate_basal_ganglia,esophagus_mucosa,2479,0.1145912164119018,0.03151458681031907
brain_caudate_basal_ganglia,esophagus_muscularis,2577,0.09551983226600252,0.058656533254755124
brain_caudate_basal_ganglia,heart_atrial_appendage,2073,0.0995717732306972,0.05669716401373608
brain_caudate_basal_ganglia,heart_left_ventricle,1657,0.09016701102993113,0.06566382480118772
brain_caudate_basal_ganglia,liver,817,0.11423630332599181,0.07845178858302297
brain_caudate_basal_ganglia,lung,2451,0.10448028992327893,0.051829488476822415
brain_caudate_basal_ganglia,muscle_skeletal,2308,0.08256857621942268,0.05774854001664531
brain_caudate_basal_ganglia,nerve_tibial,3205,0.10730017919038409,0.05155587282970294
brain_caudate_basal_ganglia,pancreas,1639,0.10922242802807317,0.08874208075418427
brain_caudate_basal_ganglia,pituitary,1841,0.0996204133771274,0.08753752679087519
brain_caudate_basal_ganglia,skin_sun_exposed_lower_leg,2932,0.10597814547046788,0.02670394363221488
brain_caudate_basal_ganglia,small_intestine_terminal_ileum,929,0.139101901583823,0.06547412713813516
brain_caudate_basal_ganglia,spleen,1807,0.11839250498643411,0.03806812943063154
brain_caudate_basal_ganglia,stomach,1633,0.12811573700083714,0.05894318424047309
brain_caudate_basal_ganglia,testis,2597,0.12162528937691003,0.03729169445044932
brain_caudate_basal_ganglia,thyroid,3058,0.10676052049481416,0.044010232186698674
brain_caudate_basal_ganglia,whole_blood,1917,0.10821017200638487,0.034269140636756346
brain_cerebellar_hemisphere,adipose_subcutaneous,3301,0.14029353258542152,0.038045869287723216
brain_cerebellar_hemisphere,adipose_visceral_omentum,2515,0.113728064963546,0.07969894326643068
brain_cerebellar_hemisphere,adrenal_gland,1578,0.13141107683525086,0.08610058474126622
brain_cerebellar_hemisphere,artery_aorta,2726,0.13552350589688442,0.04174435673742182
brain_cerebellar_hemisphere,artery_coronary,1239,0.12947242814005566,0.09443531675392074
brain_cerebellar_hemisphere,artery_tibial,3331,0.13495812177973307,0.046351378485918776
brain_cerebellar_hemisphere,brain_amygdala,872,0.1484873745754549,0.12895840870321296
brain_cerebellar_hemisphere,brain_caudate_basal_ganglia,2386,0.14350959335762384,0.08423096208518736
brain_cerebellar_hemisphere,brain_cortex,2445,0.14300104706770514,0.10166468870278901
brain_cerebellar_hemisphere,brain_frontal_cortex_ba9,2322,0.15293504726507878,0.08448980784696386
brain_cerebellar_hemisphere,brain_hippocampus,1473,0.14527103137894684,0.13737567006002852
brain_cerebellar_hemisphere,cells_cultured_fibroblasts,3206,0.13688919598984844,0.02882641942678893
brain_cerebellar_hemisphere,cells_ebv_transformed_lymphocytes,1912,0.1353331285209205,0.05058934805232445
brain_cerebellar_hemisphere,colon_sigmoid,2414,0.12505133657167272,0.06605460010586935
brain_cerebellar_hemisphere,colon_transverse,2396,0.13069891321949598,0.05683575123216724
brain_cerebellar_hemisphere,esophagus_gastroesophageal_junction,2356,0.14122185120509265,0.039045362674097334
brain_cerebellar_hemisphere,esophagus_mucosa,2985,0.13456514505523265,0.04595795749891201
brain_cerebellar_hemisphere,esophagus_muscularis,3117,0.13376723822985795,0.043272103180110544
brain_cerebellar_hemisphere,heart_atrial_appendage,2303,0.12383196809064834,0.06255066039874677
brain_cerebellar_hemisphere,heart_left_ventricle,1791,0.12725780425178285,0.08062299473320338
brain_cerebellar_hemisphere,liver,915,0.14510760138056042,0.0473037103738463
brain_cerebellar_hemisphere,lung,2904,0.13265624173539622,0.04877967686829143
brain_cerebellar_hemisphere,muscle_skeletal,2766,0.14630910818293294,0.030757167347211886
brain_cerebellar_hemisphere,nerve_tibial,3920,0.13497553344172464,0.038391639396498464
brain_cerebellar_hemisphere,pancreas,1913,0.13791601374779966,0.06838813879655158
brain_cerebellar_hemisphere,pituitary,2086,0.12732472363412284,0.10246698371920646
brain_cerebellar_hemisphere,skin_sun_exposed_lower_leg,3636,0.1367605745665927,0.04015805042613346
brain_cerebellar_hemisphere,small_intestine_terminal_ileum,1011,0.138658162145401,0.10983416648617801
brain_cerebellar_hemisphere,spleen,2143,0.13266427371657183,0.06948976775044984
brain_cerebellar_hemisphere,stomach,1856,0.13022244997629162,0.071683316879488
brain_cerebellar_hemisphere,testis,3102,0.145906864166075,0.04900669274310199
brain_cerebellar_hemisphere,thyroid,3751,0.14544721727571397,0.040339084361291216
brain_cerebellar_hemisphere,whole_blood,2303,0.11116282557558807,0.036671124234139256
brain_cortex,adipose_subcutaneous,2815,0.13765519338290028,0.02378194601273222
brain_cortex,adipose_visceral_omentum,2209,0.13476021635461913,0.04285777712528045
brain_cortex,adrenal_gland,1420,0.14089193580370868,0.08364148284459685
brain_cortex,artery_aorta,2348,0.13261296400901373,0.026603694239020922
brain_cortex,artery_coronary,1162,0.13316165781351702,0.0906068021685026
brain_cortex,artery_tibial,2802,0.12916265650745448,0.03171313452355243
brain_cortex,brain_amygdala,987,0.11687702638673805,0.14138407915896578
brain_cortex,brain_caudate_basal_ganglia,2397,0.10791076616251058,0.0848831579060596
brain_cortex,brain_cerebellar_hemisphere,2467,0.12754834441025306,0.05457459674597753
brain_cortex,brain_frontal_cortex_ba9,2684,0.07687277088021774,0.09736458156576203
brain_cortex,brain_hippocampus,1606,0.11114605673771831,0.13268260270934082
brain_cortex,cells_cultured_fibroblasts,2567,0.12094944088509497,0.029424310673893773
brain_cortex,cells_ebv_transformed_lymphocytes,1574,0.1545006347413166,0.04764214471177233
brain_cortex,colon_sigmoid,2107,0.12813170598158666,0.04935858968847894
brain_cortex,colon_transverse,2068,0.12662047449139768,0.05235744045821369
brain_cortex,esophagus_gastroesophageal_junction,2056,0.12821618289047454,0.04018529476413124
brain_cortex,esophagus_mucosa,2532,0.1406949063765331,0.019855481890139328
brain_cortex,esophagus_muscularis,2626,0.13404091012687572,0.027858164387289733
brain_cortex,heart_atrial_appendage,2020,0.13268277454414173,0.05023687238447055
brain_cortex,heart_left_ventricle,1662,0.12532243156778874,0.06332172773462437
brain_cortex,liver,815,0.16922200384063307,0.026227752763826415
brain_cortex,lung,2468,0.1279222873817382,0.04938851460630349
brain_cortex,muscle_skeletal,2366,0.1255738090788911,0.058311499362346295
brain_cortex,nerve_tibial,3227,0.13536489708927701,0.020609093397411155
brain_cortex,pancreas,1661,0.13519119063267418,0.059067459491416764
brain_cortex,pituitary,1823,0.12882613532561082,0.05696431876753331
brain_cortex,skin_sun_exposed_lower_leg,2997,0.1266352668474769,0.033329569532945816
brain_cortex,small_intestine_terminal_ileum,902,0.15677431694933402,0.07470379489980178
brain_cortex,spleen,1835,0.12630935420273307,0.06040173323579426
brain_cortex,stomach,1616,0.13488253564114355,0.05356673818539545
brain_cortex,testis,2612,0.14058358156357506,0.04162358468814978
brain_cortex,thyroid,3054,0.13173277262448166,0.035632379248686605
brain_cortex,whole_blood,1912,0.12049665686219439,0.05856752602775437
brain_frontal_cortex_ba9,adipose_subcutaneous,2699,0.13645887487957972,0.030755864536098625
brain_frontal_cortex_ba9,adipose_visceral_omentum,2127,0.1555806257373384,0.007979027833563834
brain_frontal_cortex_ba9,adrenal_gland,1372,0.14169718397597397,0.0706679720035703
brain_frontal_cortex_ba9,artery_aorta,2233,0.12787422599009438,0.029270364960835796
brain_frontal_cortex_ba9,artery_coronary,1107,0.14419666500576128,0.08564800048833665
brain_frontal_cortex_ba9,artery_tibial,2637,0.12952115255665547,0.03829616058814884
brain_frontal_cortex_ba9,brain_amygdala,979,0.10746737316410927,0.11196738885495346
brain_frontal_cortex_ba9,brain_caudate_basal_ganglia,2306,0.13160454859261242,0.0532046739101932
brain_frontal_cortex_ba9,brain_cerebellar_hemisphere,2379,0.1233949089322576,0.04921746168755125
brain_frontal_cortex_ba9,brain_cortex,2689,0.11268456264312664,0.05506404360522553
brain_frontal_cortex_ba9,brain_hippocampus,1570,0.10045441347335492,0.1170404167540373
brain_frontal_cortex_ba9,cells_cultured_fibroblasts,2491,0.12812521675028718,0.029014401598199346
brain_frontal_cortex_ba9,cells_ebv_transformed_lymphocytes,1555,0.13854608593543236,0.03180560456664696
brain_frontal_cortex_ba9,colon_sigmoid,1998,0.14342743682933912,0.03635430287271519
brain_frontal_cortex_ba9,colon_transverse,2000,0.1569392056382104,0.023548233711738347
brain_frontal_cortex_ba9,esophagus_gastroesophageal_junction,1926,0.130306746630826,0.04447167105137209
brain_frontal_cortex_ba9,esophagus_mucosa,2404,0.14543976676079037,0.013582742079151697
brain_frontal_cortex_ba9,esophagus_muscularis,2503,0.13750005687315012,0.029623982400232916
brain_frontal_cortex_ba9,heart_atrial_appendage,1901,0.13857147818744764,0.027835307521967678
brain_frontal_cortex_ba9,heart_left_ventricle,1563,0.1635893136176587,0.03572370287754591
brain_frontal_cortex_ba9,liver,808,0.15933689736618734,0.03380499348591173
brain_frontal_cortex_ba9,lung,2373,0.1326374053537453,0.05113276754576933
brain_frontal_cortex_ba9,muscle_skeletal,2264,0.12589721148326946,0.050035874330262076
brain_frontal_cortex_ba9,nerve_tibial,3078,0.13408684102881774,0.03451851258139785
brain_frontal_cortex_ba9,pancreas,1580,0.13573538104144245,0.05074999106335297
brain_frontal_cortex_ba9,pituitary,1759,0.13173870785737654,0.05843003588818668
brain_frontal_cortex_ba9,skin_sun_exposed_lower_leg,2856,0.14210116809181148,0.004155525404410939
brain_frontal_cortex_ba9,small_intestine_terminal_ileum,879,0.15739756133179536,0.05980641764019438
brain_frontal_cortex_ba9,spleen,1730,0.13054614862000893,0.04263232348126432
brain_frontal_cortex_ba9,stomach,1528,0.15579919604866305,0.03948969795882648
brain_frontal_cortex_ba9,testis,2578,0.13597747099031152,0.034147304142870774
brain_frontal_cortex_ba9,thyroid,2937,0.12440535424457912,0.038347739549882735
brain_frontal_cortex_ba9,whole_blood,1874,0.13401824640788448,0.03881611864215883
brain_hippocampus,adipose_subcutaneous,1706,0.12483023274877343,0.03511482695636989
brain_hippocampus,adipose_visceral_omentum,1407,0.13402886541412395,0.03048351155336318
brain_hippocampus,adrenal_gland,1000,0.1402197264535655,0.03399580157510638
brain_hippocampus,artery_aorta,1446,0.1309795589443159,0.034966405389637224
brain_hippocampus,artery_coronary,854,0.15380194375762357,0.05009616127322816
brain_hippocampus,artery_tibial,1669,0.12078968438362343,0.055939550442986416
brain_hippocampus,brain_amygdala,878,0.16740375337926464,0.05647016777103447
brain_hippocampus,brain_caudate_basal_ganglia,1666,0.14385770170375167,0.03716629809109919
brain_hippocampus,brain_cerebellar_hemisphere,1521,0.12212802633397178,0.06219882091559707
brain_hippocampus,brain_cortex,1628,0.12259974036752291,0.08877397742390247
brain_hippocampus,brain_frontal_cortex_ba9,1598,0.10923895077351964,0.0773318153799511
brain_hippocampus,cells_cultured_fibroblasts,1516,0.09540937272366548,0.04066638719162681
brain_hippocampus,cells_ebv_transformed_lymphocytes,987,0.13688078319274566,0.057171574776158265
brain_hippocampus,colon_sigmoid,1381,0.14303700472086775,0.03011097651964738
brain_hippocampus,colon_transverse,1330,0.13403170238000278,0.03875603408939224
brain_hippocampus,esophagus_gastroesophageal_junction,1348,0.13827399745952526,0.013137841716256479
brain_hippocampus,esophagus_mucosa,1528,0.14777369083450725,0.02388226659051395
brain_hippocampus,esophagus_muscularis,1620,0.13798772689729488,0.019273848671901683
brain_hippocampus,heart_atrial_appendage,1324,0.12991577434851184,0.02099941380024223
brain_hippocampus,heart_left_ventricle,1096,0.1369501075854991,0.03697519918956242
brain_hippocampus,liver,591,0.13774117894009993,0.06621362936975211
brain_hippocampus,lung,1524,0.12462581699100811,0.06424373074732817
brain_hippocampus,muscle_skeletal,1432,0.12259466292095009,0.0398152020786149
brain_hippocampus,nerve_tibial,1899,0.13452158050518226,0.020977127834726238
brain_hippocampus,pancreas,1071,0.11971537132941021,0.06780180721415277
brain_hippocampus,pituitary,1255,0.11525114268586487,0.0726187627991209
brain_hippocampus,skin_sun_exposed_lower_leg,1754,0.1382914093055234,0.026600883859853104
brain_hippocampus,small_intestine_terminal_ileum,685,0.18038464780467,0.05445715035208664
brain_hippocampus,spleen,1205,0.13963999494661816,0.03298621551583632
brain_hippocampus,stomach,1118,0.1456461784639545,0.03905467614471635
brain_hippocampus,testis,1589,0.14613548164466406,0.024729422682691973
brain_hippocampus,thyroid,1809,0.11933372411699995,0.060712439030002625
brain_hippocampus,whole_blood,1166,0.11594482039684842,0.07047477679686975
cells_cultured_fibroblasts,adipose_subcutaneous,5550,0.08032905049800879,0.042542021734754874
cells_cultured_fibroblasts,adipose_visceral_omentum,4021,0.07788538771650975,0.048895115590677836
cells_cultured_fibroblasts,adrenal_gland,2279,0.061172869605074245,0.07781335568748676
cells_cultured_fibroblasts,artery_aorta,4324,0.0715178594719039,0.06001192999100093
cells_cultured_fibroblasts,artery_coronary,1657,0.08629337327123364,0.09241158897201987
cells_cultured_fibroblasts,artery_tibial,5631,0.08403251159321809,0.034998017385898306
cells_cultured_fibroblasts,brain_amygdala,892,0.08989779438521377,0.1253498581395143
cells_cultured_fibroblasts,brain_caudate_basal_ganglia,2710,0.07892829988724598,0.06219661066178956
cells_cultured_fibroblasts,brain_cerebellar_hemisphere,3501,0.10978223600692119,0.05733599825786741
cells_cultured_fibroblasts,brain_cortex,2767,0.07262556605020683,0.08529602600661126
cells_cultured_fibroblasts,brain_frontal_cortex_ba9,2625,0.0936544896922036,0.061825686752304584
cells_cultured_fibroblasts,brain_hippocampus,1567,0.07657087149937726,0.12219436787308209
cells_cultured_fibroblasts,cells_ebv_transformed_lymphocytes,3137,0.08897345808824068,0.05400854708436622
cells_cultured_fibroblasts,colon_sigmoid,3498,0.08492134111703423,0.03990023451118631
cells_cultured_fibroblasts,colon_transverse,3445,0.08455137317384283,0.054710910533167297
cells_cultured_fibroblasts,esophagus_gastroesophageal_junction,3416,0.08853392384253954,0.04723010050507304
cells_cultured_fibroblasts,esophagus_mucosa,4966,0.08633650465421541,0.03191915376529961
cells_cultured_fibroblasts,esophagus_muscularis,4794,0.0881521281149512,0.03692432737101314
cells_cultured_fibroblasts,heart_atrial_appendage,3476,0.08821966451655666,0.034551129621372335
cells_cultured_fibroblasts,heart_left_ventricle,2838,0.09435357487348235,0.06131526419963329
cells_cultured_fibroblasts,liver,1237,0.09092030235916465,0.07429948162331038
cells_cultured_fibroblasts,lung,4413,0.07291385318376944,0.06214807316592838
cells_cultured_fibroblasts,muscle_skeletal,4623,0.08108665605554723,0.021717484172376657
cells_cultured_fibroblasts,nerve_tibial,6231,0.08834531406646744,0.02801551136129622
cells_cultured_fibroblasts,pancreas,2905,0.07664428673688248,0.029943049907085812
cells_cultured_fibroblasts,pituitary,2470,0.06850039722544286,0.09431289626006141
cells_cultured_fibroblasts,skin_sun_exposed_lower_leg,5938,0.08779889601782875,0.027375716505895972
cells_cultured_fibroblasts,small_intestine_terminal_ileum,1261,0.07002290775215547,0.1070260997486273
cells_cultured_fibroblasts,spleen,3005,0.09949927928840456,0.06073482639506029
cells_cultured_fibroblasts,stomach,2534,0.0736474921974174,0.0630715339714763
cells_cultured_fibroblasts,testis,4493,0.0877920246790325,0.02316526167699395
cells_cultured_fibroblasts,thyroid,5699,0.09208172739990532,0.012708114865507554
cells_cultured_fibroblasts,whole_blood,3993,0.08241769640787051,0.04824948340361488
cells_ebv_transformed_lymphocytes,adipose_subcutaneous,2948,0.15463470107130717,0.012873634596426589
cells_ebv_transformed_lymphocytes,adipose_visceral_omentum,2249,0.14393895630673303,0.04868610693965548
cells_ebv_transformed_lymphocytes,adrenal_gland,1434,0.1564677562133431,0.055283077046505105
cells_ebv_transformed_lymphocytes,artery_aorta,2349,0.13690131383363408,0.04745872892641649
cells_ebv_transformed_lymphocytes,artery_coronary,1044,0.1470907854184029,0.09748696059170296
cells_ebv_transformed_lymphocytes,artery_tibial,2876,0.13730848197374007,0.0071206923916813745
cells_ebv_transformed_lymphocytes,brain_amygdala,597,0.17806478172565177,0.06571125128631779
cells_ebv_transformed_lymphocytes,brain_caudate_basal_ganglia,1569,0.16315446391290647,0.03316343084016627
cells_ebv_transformed_lymphocytes,brain_cerebellar_hemisphere,2005,0.14743541681955105,0.047188504918718156
cells_ebv_transformed_lymphocytes,brain_cortex,1630,0.157402565068389,0.05189966749725734
cells_ebv_transformed_lymphocytes,brain_frontal_cortex_ba9,1603,0.153801431820069,0.045240875340971654
cells_ebv_transformed_lymphocytes,brain_hippocampus,1011,0.14518380253367966,0.09225757222763067
cells_ebv_transformed_lymphocytes,cells_cultured_fibroblasts,3050,0.1471375177106225,0.027288782367689595
cells_ebv_transformed_lymphocytes,colon_sigmoid,2018,0.16407058435971408,0.04078775819446195
cells_ebv_transformed_lymphocytes,colon_transverse,2078,0.16315250992671113,0.032811832326067866
cells_ebv_transformed_lymphocytes,esophagus_gastroesophageal_junction,1940,0.13569435216151593,0.051474473497818946
cells_ebv_transformed_lymphocytes,esophagus_mucosa,2754,0.13595787333053005,0.04381096271514711
cells_ebv_transformed_lymphocytes,esophagus_muscularis,2604,0.1383170331348079,0.03715057465749043
cells_ebv_transformed_lymphocytes,heart_atrial_appendage,1922,0.1322783961957746,0.043212084251742965
cells_ebv_transformed_lymphocytes,heart_left_ventricle,1629,0.13754295127600222,0.057184664950631056
cells_ebv_transformed_lymphocytes,liver,875,0.16582967905011123,0.062431896219572305
cells_ebv_transformed_lymphocytes,lung,2605,0.1311580337947101,0.04858213733538309
cells_ebv_transformed_lymphocytes,muscle_skeletal,2479,0.14380796890192332,0.019416539117847128
cells_ebv_transformed_lymphocytes,nerve_tibial,3240,0.1450755050158059,0.03184448231376849
cells_ebv_transformed_lymphocytes,pancreas,1739,0.1550275018040862,0.021358881838296442
cells_ebv_transformed_lymphocytes,pituitary,1565,0.1538721152014454,0.06629982955072238
cells_ebv_transformed_lymphocytes,skin_sun_exposed_lower_leg,3126,0.14856943749049498,0.029090293549539577
cells_ebv_transformed_lymphocytes,small_intestine_terminal_ileum,959,0.16210126445740608,0.10973481098507985
cells_ebv_transformed_lymphocytes,spleen,2051,0.1663650485500962,0.05080845789165016
cells_ebv_transformed_lymphocytes,stomach,1595,0.13854948794430635,0.07466700045643396
cells_ebv_transformed_lymphocytes,testis,2582,0.15815566975951148,0.007176012923287499
cells_ebv_transformed_lymphocytes,thyroid,3087,0.15121869549421904,0.017794364171358098
cells_ebv_transformed_lymphocytes,whole_blood,2457,0.1448878804881738,0.03547397349124177
colon_sigmoid,adipose_subcutaneous,3735,0.0837396468203791,0.054285718585654875
colon_sigmoid,adipose_visceral_omentum,3025,0.07886422995249535,0.0801440519182641
colon_sigmoid,adrenal_gland,1815,0.09040441957241996,0.09575431389603326
colon_sigmoid,artery_aorta,3209,0.07685240906734132,0.0737855412464341
colon_sigmoid,artery_coronary,1544,0.0799202856440677,0.15211421210679626
colon_sigmoid,artery_tibial,3761,0.08379062788895184,0.06633816906273426
colon_sigmoid,brain_amygdala,784,0.08907598692337354,0.15346177565677904
colon_sigmoid,brain_caudate_basal_ganglia,2107,0.10626116472417792,0.07129863423919955
colon_sigmoid,brain_cerebellar_hemisphere,2409,0.10253446477071966,0.07506587671933504
colon_sigmoid,brain_cortex,2094,0.08230290121327799,0.10443437674045827
colon_sigmoid,brain_frontal_cortex_ba9,1985,0.09871036355651756,0.08269548868884156
colon_sigmoid,brain_hippocampus,1350,0.062268415649780334,0.15043412485864288
colon_sigmoid,cells_cultured_fibroblasts,3330,0.09208357593540883,0.037306877876429154
colon_sigmoid,cells_ebv_transformed_lymphocytes,1937,0.09740872350513731,0.08142398026560922
colon_sigmoid,colon_transverse,2957,0.08816395443380853,0.06833568147010556
colon_sigmoid,esophagus_gastroesophageal_junction,3076,0.07446135072930166,0.08568926604723326
colon_sigmoid,esophagus_mucosa,3278,0.11016755435485297,0.03476983302447124
colon_sigmoid,esophagus_muscularis,3804,0.07909645450780584,0.06356788589554774
colon_sigmoid,heart_atrial_appendage,2704,0.08346717332736897,0.07601310942789288
colon_sigmoid,heart_left_ventricle,2205,0.08010401810349993,0.07667162959465681
colon_sigmoid,liver,973,0.10671882928226213,0.11168556023521721
colon_sigmoid,lung,3171,0.09312874318363963,0.058899365923121026
colon_sigmoid,muscle_skeletal,3051,0.10534822746094988,0.0344756063252801
colon_sigmoid,nerve_tibial,4076,0.09085921260024785,0.04592021355098863
colon_sigmoid,pancreas,2154,0.1009005093774584,0.07204631913242059
colon_sigmoid,pituitary,2091,0.09461894061173154,0.08330162221991111
colon_sigmoid,skin_sun_exposed_lower_leg,3754,0.10036239224202818,0.04702286095345787
colon_sigmoid,small_intestine_terminal_ileum,1163,0.0686175728002373,0.16002177812758522
colon_sigmoid,spleen,2315,0.09002740524925162,0.08328186776449911
colon_sigmoid,stomach,2206,0.09596449547305591,0.06763362399977496
colon_sigmoid,testis,2959,0.12090975018357092,0.02685537876464033
colon_sigmoid,thyroid,3777,0.093452728584918,0.04942404220368292
colon_sigmoid,whole_blood,2442,0.10306076288146607,0.04657962045705986
colon_transverse,adipose_subcutaneous,3620,0.1106125749197353,0.025009078278269006
colon_transverse,adipose_visceral_omentum,2923,0.08736466094953729,0.06982328015948872
colon_transverse,adrenal_gland,1784,0.07837671188549195,0.09316509198173177
colon_transverse,artery_aorta,3015,0.10403410098361628,0.05051130681614457
colon_transverse,artery_coronary,1467,0.06155756603455217,0.1424258281036866
colon_transverse,artery_tibial,3469,0.08390832542490854,0.0729984133409632
colon_transverse,brain_amygdala,743,0.050352115419712185,0.1840518210376449
colon_transverse,brain_caudate_basal_ganglia,2017,0.08275149593372852,0.1013426067242186
colon_transverse,brain_cerebellar_hemisphere,2384,0.08600145769686146,0.08028176150370163
colon_transverse,brain_cortex,2030,0.0992984421938668,0.10525616796574792
colon_transverse,brain_frontal_cortex_ba9,1953,0.08922753544669972,0.09693082559723258
colon_transverse,brain_hippocampus,1296,0.0921620738302103,0.13922487293436586
colon_transverse,cells_cultured_fibroblasts,3196,0.09405198286550213,0.03597817823896138
colon_transverse,cells_ebv_transformed_lymphocytes,1965,0.09141119009532668,0.09935220993148357
colon_transverse,colon_sigmoid,2869,0.0995827887726386,0.04329087586250935
colon_transverse,esophagus_gastroesophageal_junction,2743,0.09217895094463363,0.07124550992645419
colon_transverse,esophagus_mucosa,3414,0.09871746637706698,0.06017219473394444
colon_transverse,esophagus_muscularis,3371,0.09689679851991118,0.05213086338446324
colon_transverse,heart_atrial_appendage,2537,0.08496826420745651,0.08570181906125408
colon_transverse,heart_left_ventricle,2035,0.08154466701680084,0.10793518237022756
colon_transverse,liver,1053,0.0997202258881025,0.10601450628147031
colon_transverse,lung,3325,0.09169626851563323,0.06223604586742611
colon_transverse,muscle_skeletal,2826,0.09995342690760084,0.04543656333676849
colon_transverse,nerve_tibial,3921,0.08910807907375859,0.05302955735412164
colon_transverse,pancreas,2198,0.09240166924045654,0.0698658279212556
colon_transverse,pituitary,2057,0.08569109187230456,0.07443756819217946
colon_transverse,skin_sun_exposed_lower_leg,3792,0.10342253125468359,0.05570955155080469
colon_transverse,small_intestine_terminal_ileum,1346,0.08420881080684983,0.11584407422660106
colon_transverse,spleen,2417,0.10339244433768649,0.06841631353417313
colon_transverse,stomach,2348,0.09072243869724124,0.0667102590821876
colon_transverse,testis,2981,0.13172382832970697,0.02303611234227464
colon_transverse,thyroid,3774,0.11050222021137197,0.04108026765464423
colon_transverse,whole_blood,2543,0.10875075946812061,0.05814147250380241
esophagus_gastroesophageal_junction,adipose_subcutaneous,3709,0.10507901647455292,0.03603654910052448
esophagus_gastroesophageal_junction,adipose_visceral_omentum,3039,0.10477378873010988,0.061021246526894515
esophagus_gastroesophageal_junction,adrenal_gland,1803,0.08422952248363354,0.09904793849801205
esophagus_gastroesophageal_junction,artery_aorta,3227,0.09096585775032776,0.0623824348018311
esophagus_gastroesophageal_junction,artery_coronary,1575,0.08754282649826373,0.13566803428298824
esophagus_gastroesophageal_junction,artery_tibial,3756,0.09947263441066945,0.05230592911630789
esophagus_gastroesophageal_junction,brain_amygdala,774,0.12314807700036931,0.11928136950286934
esophagus_gastroesophageal_junction,brain_caudate_basal_ganglia,2026,0.1041317666076363,0.057992010904866206
esophagus_gastroesophageal_junction,brain_cerebellar_hemisphere,2394,0.10695392526183553,0.05766771634754347
esophagus_gastroesophageal_junction,brain_cortex,2061,0.10113106495526196,0.07271126493295568
esophagus_gastroesophageal_junction,brain_frontal_cortex_ba9,1959,0.11309358533781746,0.060426258115961376
esophagus_gastroesophageal_junction,brain_hippocampus,1329,0.08579905350535731,0.11199795724797267
esophagus_gastroesophageal_junction,cells_cultured_fibroblasts,3296,0.10232016095908242,0.04557137687740641
esophagus_gastroesophageal_junction,cells_ebv_transformed_lymphocytes,1929,0.10590734796623232,0.060663600419790256
esophagus_gastroesophageal_junction,colon_sigmoid,3097,0.10191403548863644,0.05840908965781921
esophagus_gastroesophageal_junction,colon_transverse,2842,0.10128708654204611,0.06386451668288162
esophagus_gastroesophageal_junction,esophagus_mucosa,3254,0.11374030197034225,0.03911299891406043
esophagus_gastroesophageal_junction,esophagus_muscularis,3976,0.08830286820818087,0.06423362098987462
esophagus_gastroesophageal_junction,heart_atrial_appendage,2748,0.08068543362839894,0.07137649923399597
esophagus_gastroesophageal_junction,heart_left_ventricle,2162,0.0920167610820292,0.06672193901033227
esophagus_gastroesophageal_junction,liver,984,0.10784132358837206,0.09614790441086124
esophagus_gastroesophageal_junction,lung,3182,0.11102395363517391,0.04171738311577577
esophagus_gastroesophageal_junction,muscle_skeletal,2939,0.11330823324117772,0.02881423841042599
esophagus_gastroesophageal_junction,nerve_tibial,4029,0.11094607618312417,0.029772542227015333
esophagus_gastroesophageal_junction,pancreas,2132,0.09608597623554167,0.05974627145590553
esophagus_gastroesophageal_junction,pituitary,2029,0.10340287741705187,0.08771614145889163
esophagus_gastroesophageal_junction,skin_sun_exposed_lower_leg,3704,0.10992649414903485,0.04652028467779813
esophagus_gastroesophageal_junction,small_intestine_terminal_ileum,1161,0.10042116115546915,0.12298488533090982
esophagus_gastroesophageal_junction,spleen,2277,0.10866478903356672,0.062481559820213084
esophagus_gastroesophageal_junction,stomach,2172,0.1126964644289003,0.06367706285781191
esophagus_gastroesophageal_junction,testis,2930,0.12967145968846383,0.04453520031340435
esophagus_gastroesophageal_junction,thyroid,3752,0.10647468233977189,0.04494023861977392
esophagus_gastroesophageal_junction,whole_blood,2352,0.10624490657799468,0.04033747722934663
esophagus_mucosa,adipose_subcutaneous,4781,0.10210376267697728,0.046461094490025855
esophagus_mucosa,adipose_visceral_omentum,3638,0.09323789806530725,0.05436989508422242
esophagus_mucosa,adrenal_gland,2150,0.09280149110724999,0.08441975804981698
esophagus_mucosa,artery_aorta,3804,0.0913564616416644,0.05012244317656366
esophagus_mucosa,artery_coronary,1608,0.08400684028791808,0.10955695659556339
esophagus_mucosa,artery_tibial,4686,0.10803927395882369,0.03169743806490948
esophagus_mucosa,brain_amygdala,844,0.08192135622875489,0.12351832816460594
esophagus_mucosa,brain_caudate_basal_ganglia,2448,0.10385005089338342,0.06261846402238959
esophagus_mucosa,brain_cerebellar_hemisphere,3034,0.09764141986613045,0.07398979396258866
esophagus_mucosa,brain_cortex,2489,0.09315172866409312,0.06654531403549303
esophagus_mucosa,brain_frontal_cortex_ba9,2360,0.10658367785567699,0.04720640343793869
esophagus_mucosa,brain_hippocampus,1484,0.09393077297803204,0.09711842022661452
esophagus_mucosa,cells_cultured_fibroblasts,4696,0.08466432854740219,0.04361349185556186
esophagus_mucosa,cells_ebv_transformed_lymphocytes,2644,0.089647772321096,0.058222832048695106
esophagus_mucosa,colon_sigmoid,3242,0.09001590086115005,0.052688723633508835
esophagus_mucosa,colon_transverse,3413,0.09431761315315432,0.0657287398727975
esophagus_mucosa,esophagus_gastroesophageal_junction,3179,0.09138368145686426,0.050924780395850244
esophagus_mucosa,esophagus_muscularis,4242,0.09538062288485363,0.05426023186008182
esophagus_mucosa,heart_atrial_appendage,3164,0.08810045602259683,0.05777895189527334
esophagus_mucosa,heart_left_ventricle,2550,0.10542033368538525,0.057828206655033736
esophagus_mucosa,liver,1243,0.09798491655495514,0.09259660180580517
esophagus_mucosa,lung,4082,0.10342985182871028,0.04313884739572964
esophagus_mucosa,muscle_skeletal,3941,0.09416071942615727,0.03667544454729735
esophagus_mucosa,nerve_tibial,5270,0.10032002094472652,0.03571652278652692
esophagus_mucosa,pancreas,2766,0.09192897875656747,0.06519138079135532
esophagus_mucosa,pituitary,2363,0.10894323781909893,0.07081087286609235
esophagus_mucosa,skin_sun_exposed_lower_leg,5523,0.10596701441764522,0.036301718389760804
esophagus_mucosa,small_intestine_terminal_ileum,1336,0.09803513608222728,0.12859708278589507
esophagus_mucosa,spleen,2869,0.1099123870989119,0.05927119032392171
esophagus_mucosa,stomach,2589,0.09616579242999732,0.07843559655102317
esophagus_mucosa,testis,3948,0.11202756416220447,0.02683138587759747
esophagus_mucosa,thyroid,5075,0.10366864665671717,0.036005864683667226
esophagus_mucosa,whole_blood,3428,0.08939152518870469,0.051105676047532744
esophagus_muscularis,adipose_subcutaneous,4734,0.08249692962041352,0.03839036463248814
esophagus_muscularis,adipose_visceral_omentum,3605,0.0752500713549968,0.06325907840104623
esophagus_muscularis,adrenal_gland,2082,0.07229701258901651,0.09443540089534919
esophagus_muscularis,artery_aorta,3921,0.07270515663403539,0.05717200639215947
esophagus_muscularis,artery_coronary,1649,0.056252927811949564,0.14718910437017482
esophagus_muscularis,artery_tibial,4833,0.08141283731788025,0.05733042649403945
esophagus_muscularis,brain_amygdala,829,0.11408135316976735,0.10175406048679828
esophagus_muscularis,brain_caudate_basal_ganglia,2423,0.09284025953755339,0.054774301525465884
esophagus_muscularis,brain_cerebellar_hemisphere,3001,0.09091617124628443,0.05977848318803853
esophagus_muscularis,brain_cortex,2461,0.08098486392984938,0.08754430358452138
esophagus_muscularis,brain_frontal_cortex_ba9,2387,0.09000380852574939,0.06510616655957178
esophagus_muscularis,brain_hippocampus,1484,0.0738116362761895,0.1327317134633499
esophagus_muscularis,cells_cultured_fibroblasts,4366,0.08015300073602682,0.04661026787741995
esophagus_muscularis,cells_ebv_transformed_lymphocytes,2421,0.08118975154059746,0.0704160198481909
esophagus_muscularis,colon_sigmoid,3598,0.0730816754082858,0.06000557142092888
esophagus_muscularis,colon_transverse,3271,0.09783824686858755,0.05107933688134645
esophagus_muscularis,esophagus_gastroesophageal_junction,3715,0.06869050827201376,0.07308212423697764
esophagus_muscularis,esophagus_mucosa,4141,0.08980731244509525,0.04925031236952876
esophagus_muscularis,heart_atrial_appendage,3223,0.06970909459918877,0.06302142947986927
esophagus_muscularis,heart_left_ventricle,2629,0.0674435305983627,0.06551835825397347
esophagus_muscularis,liver,1109,0.08526619633813974,0.09742876699363187
esophagus_muscularis,lung,3912,0.09072668568355097,0.0348190286502271
esophagus_muscularis,muscle_skeletal,3856,0.08296475821323104,0.04435922328144745
esophagus_muscularis,nerve_tibial,5256,0.08329643690856127,0.03186847393084407
esophagus_muscularis,pancreas,2518,0.08761082755981572,0.05649280074920674
esophagus_muscularis,pituitary,2275,0.08150209223151618,0.09899439077472531
esophagus_muscularis,skin_sun_exposed_lower_leg,4831,0.09472756465098926,0.03502846115048631
esophagus_muscularis,small_intestine_terminal_ileum,1209,0.0803653151087215,0.13676291625317208
esophagus_muscularis,spleen,2683,0.09282962597972977,0.06716431322522676
esophagus_muscularis,stomach,2409,0.08449076993789627,0.07466546617429497
esophagus_muscularis,testis,3706,0.1058044144526977,0.0258718865878074
esophagus_muscularis,thyroid,4872,0.08494349148008128,0.04099429808269623
esophagus_muscularis,whole_blood,3069,0.09043303765998847,0.03335253669896607
heart_atrial_appendage,adipose_subcutaneous,3605,0.08795273840923806,0.038167550144174
heart_atrial_appendage,adipose_visceral_omentum,2995,0.07974185420323143,0.05402896510263704
heart_atrial_appendage,adrenal_gland,1834,0.07166145476691764,0.08959516165808136
heart_atrial_appendage,artery_aorta,3114,0.08222745431645134,0.06026050389303158
heart_atrial_appendage,artery_coronary,1521,0.07348284447314803,0.10975393066109682
heart_atrial_appendage,artery_tibial,3691,0.07520738921465021,0.05673760983491797
heart_atrial_appendage,brain_amygdala,799,0.11332610324996048,0.11424708737672197
heart_atrial_appendage,brain_caudate_basal_ganglia,2122,0.08130751572921613,0.06128716591771631
heart_atrial_appendage,brain_cerebellar_hemisphere,2417,0.0812384793706461,0.055916599394578555
heart_atrial_appendage,brain_cortex,2077,0.07848312768781568,0.07833866612217501
heart_atrial_appendage,brain_frontal_cortex_ba9,1970,0.09814842313812706,0.044210408113550426
heart_atrial_appendage,brain_hippocampus,1352,0.0846155515494725,0.09980323450439675
heart_atrial_appendage,cells_cultured_fibroblasts,3335,0.07548944789195938,0.037043353884602614
heart_atrial_appendage,cells_ebv_transformed_lymphocytes,1898,0.07451993717483534,0.06880242729971683
heart_atrial_appendage,colon_sigmoid,2723,0.08024211637427078,0.06351968803225427
heart_atrial_appendage,colon_transverse,2633,0.09548975551509829,0.040339513330562383
heart_atrial_appendage,esophagus_gastroesophageal_junction,2734,0.0704027666239713,0.06227773283961692
heart_atrial_appendage,esophagus_mucosa,3297,0.08518079457718623,0.03544210805884146
heart_atrial_appendage,esophagus_muscularis,3451,0.08141117046843525,0.05526557604032259
heart_atrial_appendage,heart_left_ventricle,2673,0.07928041488357783,0.06556874654960233
heart_atrial_appendage,liver,1023,0.08333592119153108,0.0884040199084888
heart_atrial_appendage,lung,3139,0.07884292763550982,0.040323255790800934
heart_atrial_appendage,muscle_skeletal,3168,0.09233054249448727,0.02913912805552106
heart_atrial_appendage,nerve_tibial,3986,0.0855098272026387,0.04147885689941346
heart_atrial_appendage,pancreas,2119,0.0895797720102349,0.06319801084128587
heart_atrial_appendage,pituitary,1995,0.0751972658616897,0.09215212986535634
heart_atrial_appendage,skin_sun_exposed_lower_leg,3745,0.08577088610124484,0.03154357671787205
heart_atrial_appendage,small_intestine_terminal_ileum,1106,0.07767514565477797,0.11031730355062583
heart_atrial_appendage,spleen,2261,0.08848237028388828,0.0658146128713476
heart_atrial_appendage,stomach,2116,0.09191621873929172,0.053078723101095945
heart_atrial_appendage,testis,2954,0.09893767172829372,0.033357379272498246
heart_atrial_appendage,thyroid,3774,0.09019503875661089,0.03171850584916619
heart_atrial_appendage,whole_blood,2430,0.08586584680847556,0.03784445570045466
heart_left_ventricle,adipose_subcutaneous,3007,0.07572650569586026,0.04672274268316873
heart_left_ventricle,adipose_visceral_omentum,2492,0.057567103317652996,0.06874909963718814
heart_left_ventricle,adrenal_gland,1568,0.07105245286890965,0.0795370334562824
heart_left_ventricle,artery_aorta,2557,0.06328187196690795,0.05761898516162918
heart_left_ventricle,artery_coronary,1287,0.06424964786536759,0.08581523679266206
heart_left_ventricle,artery_tibial,3030,0.07871115518430565,0.04972374886036931
heart_left_ventricle,brain_amygdala,710,0.08889319390214137,0.09011028441635678
heart_left_ventricle,brain_caudate_basal_ganglia,1799,0.06348400672573458,0.06398014729996991
heart_left_ventricle,brain_cerebellar_hemisphere,1986,0.06881160621721484,0.059191499432447676
heart_left_ventricle,brain_cortex,1796,0.08208143221299297,0.04890555004029422
heart_left_ventricle,brain_frontal_cortex_ba9,1702,0.06549972656030593,0.051877001952338964
heart_left_ventricle,brain_hippocampus,1166,0.05972682664526762,0.0790960541610678
heart_left_ventricle,cells_cultured_fibroblasts,2830,0.06530276382619649,0.02786601535485801
heart_left_ventricle,cells_ebv_transformed_lymphocytes,1671,0.07683961636673191,0.06760148266982836
heart_left_ventricle,colon_sigmoid,2300,0.06886567424190185,0.0628139644425788
heart_left_ventricle,colon_transverse,2191,0.06833457018881035,0.03868133915022324
heart_left_ventricle,esophagus_gastroesophageal_junction,2233,0.04340385206337252,0.07881520430812701
heart_left_ventricle,esophagus_mucosa,2717,0.07396953723460832,0.03546720603220134
heart_left_ventricle,esophagus_muscularis,2893,0.06723647403504411,0.05684744897989714
heart_left_ventricle,heart_atrial_appendage,2767,0.05155760855039415,0.07373226489284897
heart_left_ventricle,liver,907,0.06719083775980268,0.05832834363423463
heart_left_ventricle,lung,2586,0.08822369333455216,0.008231100590489636
heart_left_ventricle,muscle_skeletal,2850,0.06075709629952191,0.04597950466476261
heart_left_ventricle,nerve_tibial,3231,0.07267936894692185,0.04110666384109664
heart_left_ventricle,pancreas,1830,0.0750010988761771,0.04977960363347549
heart_left_ventricle,pituitary,1681,0.09420834858736908,0.05719934674594387
heart_left_ventricle,skin_sun_exposed_lower_leg,3047,0.07387979799463226,0.05891243367617064
heart_left_ventricle,small_intestine_terminal_ileum,940,0.08647889121802159,0.07763009667771265
heart_left_ventricle,spleen,1906,0.1052150293894329,0.018948418013731136
heart_left_ventricle,stomach,1760,0.06835383275696191,0.06490374494072776
heart_left_ventricle,testis,2448,0.0787940847984642,0.017078678640852205
heart_left_ventricle,thyroid,3085,0.08499807758481016,0.022015170934659902
heart_left_ventricle,whole_blood,2175,0.0813780154300684,0.04635349244202641
liver,adipose_subcutaneous,1340,0.15869561251972403,0.005878175165433127
liver,adipose_visceral_omentum,1133,0.1283166110541676,0.06726594116977695
liver,adrenal_gland,862,0.15294896944161648,0.03072127313651223
liver,artery_aorta,1118,0.1360680041918362,0.037700581892381325
liver,artery_coronary,657,0.13849572281339725,0.03991804718254812
liver,artery_tibial,1294,0.1273290290970536,0.03182877914102656
liver,brain_caudate_basal_ganglia,840,0.12622081498787485,0.032360194359334314
liver,brain_cerebellar_hemisphere,963,0.13685601921145843,0.03774696304383115
liver,brain_cortex,859,0.12115818113170752,0.04769249990261388
liver,brain_frontal_cortex_ba9,823,0.13624491375968983,0.028520588997171144
liver,brain_hippocampus,601,0.08766109394639002,0.08150681596873174
liver,cells_cultured_fibroblasts,1224,0.11873536350654873,0.031538664390889815
liver,cells_ebv_transformed_lymphocytes,875,0.10786317299839206,0.07244134001074297
liver,colon_sigmoid,1012,0.13392381950243437,0.036379142405980475
liver,colon_transverse,1107,0.13398574163588797,0.060185384626628084
liver,esophagus_gastroesophageal_junction,1026,0.12883716320603167,0.039509165911110575
liver,esophagus_mucosa,1316,0.11791131393741307,0.042204587920634945
liver,esophagus_muscularis,1246,0.13879420428299588,0.03322215734905986
liver,heart_atrial_appendage,1038,0.13387155370536696,0.02096374647483258
liver,heart_left_ventricle,907,0.12096851374985289,0.01656933461665817
liver,lung,1232,0.12289830938645974,0.04916991192062755
liver,muscle_skeletal,1142,0.13175876140101295,0.01940651187766918
liver,nerve_tibial,1413,0.13263283051404387,0.04598433587229155
liver,pancreas,1052,0.10209016272827803,0.08528514408541835
liver,pituitary,905,0.12284038923708673,0.060937431737640727
liver,skin_sun_exposed_lower_leg,1415,0.1460510111374537,0.02403925094497641
liver,small_intestine_terminal_ileum,637,0.10675132333775239,0.08641895579599662
liver,spleen,1013,0.143374462309835,0.03275706320027352
liver,stomach,979,0.15355123391122566,0.02594823043346615
liver,testis,1232,0.15783448716995502,-1.4171179423060065e-05
liver,thyroid,1405,0.148036218082393,0.018701589440635526
liver,whole_blood,1009,0.12555927716141005,0.05470431202638885
lung,adipose_subcutaneous,4636,0.08978513149280293,0.045592163760564845
lung,adipose_visceral_omentum,3712,0.08322566108856802,0.0773843244521153
lung,adrenal_gland,2091,0.06458974196464756,0.09374971039031633
lung,artery_aorta,3664,0.0899080818028212,0.05495479600416584
lung,artery_coronary,1702,0.07211203564936607,0.11706861346314038
lung,artery_tibial,4340,0.0888286927591488,0.05450009056016941
lung,brain_amygdala,847,0.12194452423486586,0.11806018841297332
lung,brain_caudate_basal_ganglia,2348,0.09802311920727196,0.07846540055706144
lung,brain_cerebellar_hemisphere,2847,0.1027240492791419,0.04815482211383254
lung,brain_cortex,2363,0.08140395254044348,0.08566434740246917
lung,brain_frontal_cortex_ba9,2275,0.09450193260653561,0.0653858433010852
lung,brain_hippocampus,1461,0.09345911276031561,0.12485486843897216
lung,cells_cultured_fibroblasts,4068,0.08728053479708082,0.04879410411536925
lung,cells_ebv_transformed_lymphocytes,2433,0.07683875463279284,0.0782453804304401
lung,colon_sigmoid,3121,0.08425596652162211,0.07355421971615038
lung,colon_transverse,3346,0.07577185998310602,0.07065121460225358
lung,esophagus_gastroesophageal_junction,3092,0.06928507795381883,0.09452632744924012
lung,esophagus_mucosa,4119,0.08498549144725108,0.04831233188918398
lung,esophagus_muscularis,4061,0.07971104107862752,0.05907440981069787
lung,heart_atrial_appendage,3081,0.06804025726731268,0.08011777542271091
lung,heart_left_ventricle,2395,0.06979778506972666,0.08882502164022307
lung,liver,1185,0.10627291120581239,0.10255324890856082
lung,muscle_skeletal,3512,0.08066373057122059,0.05314645255783828
lung,nerve_tibial,4987,0.08405987966724567,0.04704063735364423
lung,pancreas,2523,0.08411165799031252,0.0787497009627603
lung,pituitary,2408,0.10005142085983375,0.07599486057270799
lung,skin_sun_exposed_lower_leg,4783,0.09228303644562928,0.04813003296050979
lung,small_intestine_terminal_ileum,1402,0.08939740697962195,0.11329353014065774
lung,spleen,2996,0.07893215333471607,0.0830266362071305
lung,stomach,2577,0.08197252801633881,0.08349246038760942
lung,testis,3690,0.09931932848256937,0.03283130119454683
lung,thyroid,4823,0.10751596764437739,0.01468987131838917
lung,whole_blood,3317,0.08341573363941436,0.05694954127441042
muscle_skeletal,adipose_subcutaneous,4722,0.0776738480727595,0.027067222566936208
muscle_skeletal,adipose_visceral_omentum,3509,0.06867804145976483,0.059473747796951706
muscle_skeletal,adrenal_gland,2042,0.07194130978648015,0.1001101592481217
muscle_skeletal,artery_aorta,3772,0.07210894287714235,0.051038145542200666
muscle_skeletal,artery_coronary,1529,0.06193001138165062,0.1180622189433981
muscle_skeletal,artery_tibial,4836,0.0706095130178401,0.041409617106105086
muscle_skeletal,brain_amygdala,878,0.08224391632264481,0.12531095386168872
muscle_skeletal,brain_caudate_basal_ganglia,2483,0.09985997189815088,0.04230736272057217
muscle_skeletal,brain_cerebellar_hemisphere,3029,0.08731341614740326,0.057494779224779115
muscle_skeletal,brain_cortex,2531,0.09559244486075415,0.049668651358804876
muscle_skeletal,brain_frontal_cortex_ba9,2444,0.07723212645006756,0.05089878067330381
muscle_skeletal,brain_hippocampus,1521,0.090933266762368,0.07401300095309166
muscle_skeletal,cells_cultured_fibroblasts,4717,0.06867448715583573,0.034361374540408364
muscle_skeletal,cells_ebv_transformed_lymphocytes,2587,0.07294946372372937,0.04943436423457872
muscle_skeletal,colon_sigmoid,3203,0.07302929425064927,0.06029821217636712
muscle_skeletal,colon_transverse,3055,0.05721860809547087,0.059412507541482175
muscle_skeletal,esophagus_gastroesophageal_junction,3044,0.061432880555946076,0.06734753901698817
muscle_skeletal,esophagus_mucosa,4200,0.0746735157391252,0.04382338544357973
muscle_skeletal,esophagus_muscularis,4201,0.07446518981059222,0.050811250436103364
muscle_skeletal,heart_atrial_appendage,3287,0.06833145513794231,0.05972239542484907
muscle_skeletal,heart_left_ventricle,2853,0.0746206532392956,0.0461325674730283
muscle_skeletal,liver,1153,0.08666860763603382,0.07319851651685258
muscle_skeletal,lung,3796,0.07199072226947531,0.0361429013080221
muscle_skeletal,nerve_tibial,5234,0.07723568231550669,0.03343471037713292
muscle_skeletal,pancreas,2560,0.06959915027420469,0.06807595615458958
muscle_skeletal,pituitary,2224,0.07382094550442517,0.08738670536223334
muscle_skeletal,skin_sun_exposed_lower_leg,4983,0.07070939049129556,0.03907940434832538
muscle_skeletal,small_intestine_terminal_ileum,1114,0.06973470775383694,0.10527972254900603
muscle_skeletal,spleen,2662,0.08987396664039139,0.05383172142109373
muscle_skeletal,stomach,2287,0.06736825605512352,0.07261560556696108
muscle_skeletal,testis,3839,0.06893012062763887,0.03781772883590503
muscle_skeletal,thyroid,4807,0.07126962789988694,0.027615871667926496
muscle_skeletal,whole_blood,3392,0.08316856722680156,0.022684125232181395
nerve_tibial,adipose_subcutaneous,6347,0.07161821325809087,0.05221630749257117
nerve_tibial,adipose_visceral_omentum,4509,0.06101002151665111,0.0920080638153523
nerve_tibial,adrenal_gland,2537,0.07345998672447367,0.10787766188964272
nerve_tibial,artery_aorta,4785,0.07049452580513228,0.06805289583643152
nerve_tibial,artery_coronary,1946,0.0752647253493057,0.188044981206869
nerve_tibial,artery_tibial,6170,0.07590751313791398,0.050879111069064224
nerve_tibial,brain_amygdala,1011,0.0948613382720587,0.15171252123524168
nerve_tibial,brain_caudate_basal_ganglia,3098,0.08901010503719023,0.08562073170946204
nerve_tibial,brain_cerebellar_hemisphere,3821,0.08586554134842943,0.06930981595090355
nerve_tibial,brain_cortex,3124,0.08447294932966089,0.08960201565770562
nerve_tibial,brain_frontal_cortex_ba9,3005,0.08868183007225729,0.07317375501017627
nerve_tibial,brain_hippocampus,1815,0.09790986111235972,0.12266644110230394
nerve_tibial,cells_cultured_fibroblasts,5728,0.08467729329413491,0.0278788320075739
nerve_tibial,cells_ebv_transformed_lymphocytes,3031,0.08757001544214307,0.07053221192215012
nerve_tibial,colon_sigmoid,4053,0.07670955089428866,0.07940307391011979
nerve_tibial,colon_transverse,3968,0.08695690361918428,0.07191510193066913
nerve_tibial,esophagus_gastroesophageal_junction,3939,0.06432409562890246,0.09558478456764066
nerve_tibial,esophagus_mucosa,5213,0.08156177774586895,0.060866328776812736
nerve_tibial,esophagus_muscularis,5447,0.07340994429290261,0.06983408791227826
nerve_tibial,heart_atrial_appendage,3850,0.0754456478405987,0.0798970952450344
nerve_tibial,heart_left_ventricle,2968,0.06854127069331623,0.1007783604689516
nerve_tibial,liver,1328,0.11088328391713764,0.11318279121097985
nerve_tibial,lung,5005,0.08116966108946538,0.05799948272158528
nerve_tibial,muscle_skeletal,4765,0.07879759499441498,0.04284001035498698
nerve_tibial,pancreas,3074,0.08563884641275779,0.08599047838009677
nerve_tibial,pituitary,2908,0.08476605578773083,0.09716283500225259
nerve_tibial,skin_sun_exposed_lower_leg,6528,0.08519826047526008,0.044690410761228455
nerve_tibial,small_intestine_terminal_ileum,1468,0.07719976732253188,0.14076367880561355
nerve_tibial,spleen,3407,0.08104014279607555,0.09045073745046817
nerve_tibial,stomach,2883,0.08809125997644808,0.08576116833522689
nerve_tibial,testis,5052,0.09034962217162207,0.04407158778143784
nerve_tibial,thyroid,6511,0.09091699355771958,0.030281308912051504
nerve_tibial,whole_blood,3904,0.0807354608920711,0.04449052171978215
pancreas,adipose_subcutaneous,2941,0.1283284047478557,0.027100996807215085
pancreas,adipose_visceral_omentum,2389,0.12820285279305343,0.044851832028078305
pancreas,adrenal_gland,1569,0.13705623320518442,0.05426206665278324
pancreas,artery_aorta,2485,0.14523575490207194,0.014654859370418086
pancreas,artery_coronary,1188,0.12693115172575467,0.10562714204399094
pancreas,artery_tibial,2916,0.12368699134555036,0.03831311132609094
pancreas,brain_amygdala,666,0.15748722507779653,0.10496220117643941
pancreas,brain_caudate_basal_ganglia,1726,0.148483293304404,0.0688855003393409
pancreas,brain_cerebellar_hemisphere,2050,0.13433393571962626,0.07016153376471877
pancreas,brain_cortex,1746,0.13386138595655572,0.07608874314985101
pancreas,brain_frontal_cortex_ba9,1638,0.14700879602240424,0.05900823387541293
pancreas,brain_hippocampus,1104,0.14896622325372727,0.09796932027926003
pancreas,cells_cultured_fibroblasts,2822,0.12339397045193436,0.017322506399468505
pancreas,cells_ebv_transformed_lymphocytes,1727,0.1068319906753011,0.06450536744302814
pancreas,colon_sigmoid,2204,0.11839312734818365,0.055171797894417215
pancreas,colon_transverse,2278,0.12282776842528344,0.049171182975356435
pancreas,esophagus_gastroesophageal_junction,2160,0.1236740988352143,0.04064445753002246
pancreas,esophagus_mucosa,2879,0.12764874351299776,0.03505188673891642
pancreas,esophagus_muscularis,2718,0.12507891853204836,0.028598347848669426
pancreas,heart_atrial_appendage,2155,0.12172946255677328,0.0627877468000331
pancreas,heart_left_ventricle,1798,0.12272453148860715,0.06351960071714445
pancreas,liver,1026,0.1275412451912829,0.07436614852576988
pancreas,lung,2650,0.12790374373421246,0.04434972350404761
pancreas,muscle_skeletal,2486,0.1313112010772559,0.02372990160812458
pancreas,nerve_tibial,3221,0.12727360243465224,0.023366330815242007
pancreas,pituitary,1797,0.11547625521355297,0.0789577790914006
pancreas,skin_sun_exposed_lower_leg,3201,0.12820187389308169,0.03305292938502654
pancreas,small_intestine_terminal_ileum,1029,0.10498189950277453,0.13744694061234117
pancreas,spleen,1986,0.1315626341233014,0.06327122854206362
pancreas,stomach,1913,0.11549671745635962,0.07409751094250207
pancreas,testis,2604,0.13147063667896008,0.026381253515300015
pancreas,thyroid,3233,0.13526836433207867,0.01987179018157585
pancreas,whole_blood,2163,0.1281421545403947,0.03619457656638363
pituitary,adipose_subcutaneous,2405,0.13587621010488246,0.01642041291748008
pituitary,adipose_visceral_omentum,1970,0.11429308219597699,0.052193227162176524
pituitary,adrenal_gland,1345,0.09088496962354133,0.08528662314056977
pituitary,artery_aorta,2031,0.12018795553816408,0.0405396190612604
pituitary,artery_coronary,1063,0.09987581219955394,0.10224047303205122
pituitary,artery_tibial,2328,0.10827979090108683,0.05957259873939976
pituitary,brain_amygdala,656,0.13393401501201316,0.0903596108494496
pituitary,brain_caudate_basal_ganglia,1655,0.10937797244828525,0.048932134619492744
pituitary,brain_cerebellar_hemisphere,1898,0.10622704607396254,0.05453885891083063
pituitary,brain_cortex,1642,0.1136322638578254,0.07662236083236428
pituitary,brain_frontal_cortex_ba9,1561,0.10978831938590711,0.07252643465404852
pituitary,brain_hippocampus,1086,0.09661810254769564,0.10787281057680222
pituitary,cells_cultured_fibroblasts,2129,0.10970369665586566,0.03824994181935321
pituitary,cells_ebv_transformed_lymphocytes,1372,0.10911425032647484,0.07773068059159223
pituitary,colon_sigmoid,1891,0.11146446730428781,0.06628340099721276
pituitary,colon_transverse,1909,0.13047146919747105,0.030985220665143875
pituitary,esophagus_gastroesophageal_junction,1822,0.09287228250922167,0.07124098582481775
pituitary,esophagus_mucosa,2153,0.12134108003829257,0.03527989347235679
pituitary,esophagus_muscularis,2240,0.10730763856761302,0.047508115602133076
pituitary,heart_atrial_appendage,1738,0.11835517387396198,0.04315457297312603
pituitary,heart_left_ventricle,1390,0.1029997333893029,0.05706151973998866
pituitary,liver,785,0.10362278123460987,0.07697223176071763
pituitary,lung,2227,0.11336291116250248,0.04796711179236227
pituitary,muscle_skeletal,1901,0.12318665373396036,0.01823382206993563
pituitary,nerve_tibial,2671,0.11600532101375494,0.03768088832644454
pituitary,pancreas,1564,0.12018690240563026,0.05203834400652291
pituitary,skin_sun_exposed_lower_leg,2531,0.12511325678064467,0.029940655660701938
pituitary,small_intestine_terminal_ileum,881,0.11307769398784395,0.08357154671305572
pituitary,spleen,1615,0.10148446045895326,0.0648486562257849
pituitary,stomach,1540,0.11095336597626873,0.044395453495017306
pituitary,testis,2221,0.11737649700874041,0.04142220977795101
pituitary,thyroid,2718,0.12938784110414264,0.03556683420992793
pituitary,whole_blood,1605,0.12080771410575002,0.05444402459823883
skin_sun_exposed_lower_leg,adipose_subcutaneous,5747,0.07695512569155433,0.04272545529299585
skin_sun_exposed_lower_leg,adipose_visceral_omentum,4162,0.08273399557981542,0.06253383162010137
skin_sun_exposed_lower_leg,adrenal_gland,2375,0.0764363115163671,0.09442854650695102
skin_sun_exposed_lower_leg,artery_aorta,4313,0.07037009625561745,0.06553313837948717
skin_sun_exposed_lower_leg,artery_coronary,1755,0.08179234959655798,0.12136820453758937
skin_sun_exposed_lower_leg,artery_tibial,5583,0.08124101794938772,0.04131871177495568
skin_sun_exposed_lower_leg,brain_amygdala,957,0.09444157040452861,0.13535532244286305
skin_sun_exposed_lower_leg,brain_caudate_basal_ganglia,2816,0.08243614766310942,0.0687147556029615
skin_sun_exposed_lower_leg,brain_cerebellar_hemisphere,3542,0.08310857235947018,0.0678851643339939
skin_sun_exposed_lower_leg,brain_cortex,2905,0.09017919821079014,0.08781388717615007
skin_sun_exposed_lower_leg,brain_frontal_cortex_ba9,2753,0.08343614555969418,0.07218865174083611
skin_sun_exposed_lower_leg,brain_hippocampus,1671,0.07273396637704485,0.12241376011048724
skin_sun_exposed_lower_leg,cells_cultured_fibroblasts,5466,0.08869464313755633,0.0350145843069271
skin_sun_exposed_lower_leg,cells_ebv_transformed_lymphocytes,2923,0.0732419565145391,0.09275216572387003
skin_sun_exposed_lower_leg,colon_sigmoid,3671,0.07524254620607285,0.07876651179611383
skin_sun_exposed_lower_leg,colon_transverse,3767,0.08003457625780584,0.06930677209939838
skin_sun_exposed_lower_leg,esophagus_gastroesophageal_junction,3563,0.07835936541497689,0.06408135749524534
skin_sun_exposed_lower_leg,esophagus_mucosa,5485,0.08361962178231656,0.05283470155476004
skin_sun_exposed_lower_leg,esophagus_muscularis,4896,0.07764769405407579,0.06544125382186054
skin_sun_exposed_lower_leg,heart_atrial_appendage,3575,0.07651224969492108,0.07111176131530314
skin_sun_exposed_lower_leg,heart_left_ventricle,2751,0.08155610903288733,0.08530159207265085
skin_sun_exposed_lower_leg,liver,1321,0.09569387770388701,0.10071903393908066
skin_sun_exposed_lower_leg,lung,4752,0.08788658339840492,0.05222872295507311
skin_sun_exposed_lower_leg,muscle_skeletal,4561,0.08864804838033337,0.04117655993208356
skin_sun_exposed_lower_leg,nerve_tibial,6408,0.07915719906447845,0.0357585495823278
skin_sun_exposed_lower_leg,pancreas,3018,0.08188960794345355,0.08290666071130433
skin_sun_exposed_lower_leg,pituitary,2742,0.07831025608543747,0.09614494596011523
skin_sun_exposed_lower_leg,small_intestine_terminal_ileum,1409,0.08522341731086616,0.14897624973897328
skin_sun_exposed_lower_leg,spleen,3218,0.08650769640206786,0.07485403462190719
skin_sun_exposed_lower_leg,stomach,2802,0.08360433996676342,0.07799428732447601
skin_sun_exposed_lower_leg,testis,4786,0.09012179652666202,0.04328436185930947
skin_sun_exposed_lower_leg,thyroid,5997,0.08032262681671369,0.040774477532760166
skin_sun_exposed_lower_leg,whole_blood,3842,0.07978973896408606,0.057899059747007944
small_intestine_terminal_ileum,adipose_subcutaneous,1408,0.20312755569735028,0.030424948025902433
small_intestine_terminal_ileum,adipose_visceral_omentum,1260,0.15153513215795805,0.09532957284592684
small_intestine_terminal_ileum,adrenal_gland,910,0.16294274090305783,0.05053469472564789
small_intestine_terminal_ileum,artery_aorta,1203,0.1984117007954575,0.028399408368861692
small_intestine_terminal_ileum,artery_coronary,776,0.180355056668072,0.04996292733398891
small_intestine_terminal_ileum,artery_tibial,1329,0.1692608630595819,0.04591290400121711
small_intestine_terminal_ileum,brain_caudate_basal_ganglia,909,0.17977983219205868,0.0703193545842344
small_intestine_terminal_ileum,brain_cerebellar_hemisphere,1000,0.18310656440739684,0.07184488855190188
small_intestine_terminal_ileum,brain_cortex,890,0.17828968203406062,0.07818708377217636
small_intestine_terminal_ileum,brain_frontal_cortex_ba9,887,0.17925425374561765,0.08853839878214086
small_intestine_terminal_ileum,brain_hippocampus,680,0.13792396297788467,0.13783973040396685
small_intestine_terminal_ileum,cells_cultured_fibroblasts,1194,0.17682432246050497,0.06150194735821783
small_intestine_terminal_ileum,cells_ebv_transformed_lymphocytes,934,0.14660201919251803,0.1280823868723398
small_intestine_terminal_ileum,colon_sigmoid,1152,0.15708233970951074,0.07386712126702566
small_intestine_terminal_ileum,colon_transverse,1384,0.1514089281780464,0.08475618452394743
small_intestine_terminal_ileum,esophagus_gastroesophageal_junction,1136,0.13892605504967637,0.10880628471009522
small_intestine_terminal_ileum,esophagus_mucosa,1377,0.18141988720311047,0.051841222312673504
small_intestine_terminal_ileum,esophagus_muscularis,1312,0.18972030445655846,0.046164212736335274
small_intestine_terminal_ileum,heart_atrial_appendage,1080,0.19326352246549955,0.016894839313368718
small_intestine_terminal_ileum,heart_left_ventricle,890,0.15078202489537518,0.06425384983877995
small_intestine_terminal_ileum,liver,618,0.14876344796031818,0.09760495702531023
small_intestine_terminal_ileum,lung,1400,0.140233601469942,0.10596840434404003
small_intestine_terminal_ileum,muscle_skeletal,1077,0.16656761490346417,0.07902019575079419
small_intestine_terminal_ileum,nerve_tibial,1446,0.1733950011737452,0.0564512057714133
small_intestine_terminal_ileum,pancreas,998,0.16848852072826914,0.07779341171366973
small_intestine_terminal_ileum,pituitary,984,0.16951795436037095,0.09326619709767035
small_intestine_terminal_ileum,skin_sun_exposed_lower_leg,1424,0.1730130571486583,0.06539319196334924
small_intestine_terminal_ileum,spleen,1248,0.150961194400986,0.08720737938586823
small_intestine_terminal_ileum,stomach,1143,0.13409097247309593,0.1012031637982831
small_intestine_terminal_ileum,testis,1234,0.21076080682914075,0.009257481574915478
small_intestine_terminal_ileum,thyroid,1467,0.19502167878852492,0.025712743531296094
small_intestine_terminal_ileum,whole_blood,1104,0.1673177733638485,0.057941267729603785
spleen,adipose_subcutaneous,3234,0.13584124040258935,0.027398553111836334
spleen,adipose_visceral_omentum,2695,0.11957511370702845,0.06975137875219924
spleen,adrenal_gland,1682,0.12289180656831299,0.08677934839461914
spleen,artery_aorta,2609,0.1348447453634748,0.04182825817917426
spleen,artery_coronary,1296,0.12206159155410559,0.12170067387246855
spleen,artery_tibial,3011,0.12282195701147189,0.06177898050831539
spleen,brain_amygdala,700,0.14446639292557933,0.10174458113834106
spleen,brain_caudate_basal_ganglia,1802,0.1359422623647446,0.07308746121350071
spleen,brain_cerebellar_hemisphere,2165,0.14085476246072115,0.05295101097177988
spleen,brain_cortex,1833,0.13674341164848686,0.06909584118754791
spleen,brain_frontal_cortex_ba9,1754,0.13950607565528877,0.06503609003923436
spleen,brain_hippocampus,1186,0.14009624299102424,0.11058891447026233
spleen,cells_cultured_fibroblasts,2840,0.1250182689112126,0.04799443656136719
spleen,cells_ebv_transformed_lymphocytes,1976,0.1287366973776882,0.06896394182556292
spleen,colon_sigmoid,2345,0.12984804842439074,0.05681691817773336
spleen,colon_transverse,2513,0.12887213906624864,0.06408851284507903
spleen,esophagus_gastroesophageal_junction,2265,0.11661352952843856,0.06329930790587841
spleen,esophagus_mucosa,2929,0.13294355106128133,0.06035092837706851
spleen,esophagus_muscularis,2892,0.1066950183527413,0.06694915650319158
spleen,heart_atrial_appendage,2230,0.11600340277818871,0.05754069946964246
spleen,heart_left_ventricle,1776,0.1147693292566959,0.07660524114551578
spleen,liver,985,0.1592248917962108,0.09989660662760856
spleen,lung,3076,0.13434169060671958,0.05161683811224283
spleen,muscle_skeletal,2446,0.11604035967076345,0.05224823832404948
spleen,nerve_tibial,3538,0.12661477516750697,0.04587171337169245
spleen,pancreas,1915,0.127841407809439,0.05556170090879565
spleen,pituitary,1844,0.11511642163350769,0.09000873995739826
spleen,skin_sun_exposed_lower_leg,3336,0.1269483993268027,0.045047813942609996
spleen,small_intestine_terminal_ileum,1264,0.12259701636991305,0.12127193317136482
spleen,stomach,1922,0.11620286900519929,0.07599323542923649
spleen,testis,2786,0.15393301600896298,0.003359148531220504
spleen,thyroid,3373,0.13873324441675738,0.029943861912161654
spleen,whole_blood,2626,0.144971154637304,0.051653916674787415
stomach,adipose_subcutaneous,2688,0.10431197495115602,0.03737728923814337
stomach,adipose_visceral_omentum,2287,0.09113145299305055,0.06256357145181249
stomach,adrenal_gland,1476,0.1078779226890929,0.0642932151084361
stomach,artery_aorta,2289,0.09003260916076905,0.06300156551882478
stomach,artery_coronary,1257,0.10254772404105805,0.09338003566916651
stomach,artery_tibial,2616,0.09437061072030475,0.04870976014147921
stomach,brain_amygdala,631,0.11412185318328341,0.10515086335404204
stomach,brain_caudate_basal_ganglia,1597,0.11482511452971411,0.05671783257186427
stomach,brain_cerebellar_hemisphere,1866,0.1293243891828003,0.05231173705685122
stomach,brain_cortex,1576,0.09974045089626482,0.09224468418936609
stomach,brain_frontal_cortex_ba9,1501,0.13149502626323006,0.045374790221169505
stomach,brain_hippocampus,1068,0.1019183389044319,0.10844531404524446
stomach,cells_cultured_fibroblasts,2444,0.09462078183446518,0.04028063235264124
stomach,cells_ebv_transformed_lymphocytes,1514,0.12398013337814912,0.04244754843310427
stomach,colon_sigmoid,2137,0.09322453003417168,0.05022199640298341
stomach,colon_transverse,2319,0.08296170864411427,0.059111155946950565
stomach,esophagus_gastroesophageal_junction,2082,0.07129996028059853,0.09321099752676276
stomach,esophagus_mucosa,2637,0.10311323800314978,0.058845189976671874
stomach,esophagus_muscularis,2508,0.09841603858782029,0.049552990479645016
stomach,heart_atrial_appendage,2064,0.07744932409863549,0.07299183485256541
stomach,heart_left_ventricle,1686,0.11393366741670491,0.06332369789656157
stomach,liver,928,0.0966788440890653,0.10372575056248871
stomach,lung,2556,0.09057068618363551,0.05629597868800752
stomach,muscle_skeletal,2196,0.097263239093128,0.08273865007858738
stomach,nerve_tibial,2865,0.10495264383541804,0.03329931283846534
stomach,pancreas,1874,0.10785408038734644,0.07147069851684996
stomach,pituitary,1679,0.09692778765745295,0.06283011772121785
stomach,skin_sun_exposed_lower_leg,2854,0.10203221505254965,0.047889251902026884
stomach,small_intestine_terminal_ileum,1113,0.0973309854363729,0.11013206375277257
stomach,spleen,1859,0.13037032617749264,0.024561815847672124
stomach,testis,2225,0.1295104060414185,0.004842995860525342
stomach,thyroid,2795,0.11988319733315578,0.029106025338016876
stomach,whole_blood,1945,0.12583783338041402,0.06349628717646867
testis,adipose_subcutaneous,3609,0.06513518654314913,0.028683585928905787
testis,adipose_visceral_omentum,2714,0.06507159304746968,0.07321710028235061
testis,adrenal_gland,1657,0.0671178200994665,0.045076361725726044
testis,artery_aorta,2773,0.05428342464765835,0.07597504275079348
testis,artery_coronary,1255,0.011626897633230332,0.09779798734612441
testis,artery_tibial,3487,0.06137536332950841,0.040249938276948276
testis,brain_amygdala,747,0.05166840059592551,0.06741687196871113
testis,brain_caudate_basal_ganglia,2090,0.0296645007549724,0.09235602211151224
testis,brain_cerebellar_hemisphere,2578,0.08824120847021547,0.07847149280473467
testis,brain_cortex,2126,0.05703994992701073,0.06424193031727958
testis,brain_frontal_cortex_ba9,2109,0.06544765572601718,0.07059347236436572
testis,brain_hippocampus,1295,0.07099603581814037,0.10642898256535868
testis,cells_cultured_fibroblasts,3378,0.0695789994737001,0.015040062893980825
testis,cells_ebv_transformed_lymphocytes,2035,0.07520264259044473,0.06764786993112114
testis,colon_sigmoid,2414,0.05577045819830146,0.03283862976977837
testis,colon_transverse,2495,0.036994483087902395,0.09559024137788086
testis,esophagus_gastroesophageal_junction,2364,0.07055066148678137,0.06021825306430123
testis,esophagus_mucosa,3232,0.06746559325452953,0.06937596958863576
testis,esophagus_muscularis,3171,0.0664988144238913,0.04370309749562961
testis,heart_atrial_appendage,2330,0.057329493960529304,0.08957012583588418
testis,heart_left_ventricle,1822,0.06366893129991631,0.0757188013970039
testis,liver,972,0.0475942732443132,0.07498572392799331
testis,lung,3163,0.05833928098191568,0.05109980373714646
testis,muscle_skeletal,2853,0.052779860287132586,0.025535954114749446
testis,nerve_tibial,4318,0.06934582476112766,0.04625506628223972
testis,pancreas,2017,0.034489175864178274,0.06104406318977631
testis,pituitary,2095,0.049848834436448025,0.10490727599715491
testis,skin_sun_exposed_lower_leg,4050,0.07363237708323436,0.029930495832380683
testis,small_intestine_terminal_ileum,1080,0.06139150099353104,0.07355174900481132
testis,spleen,2301,0.10551171746978061,0.012451205959707348
testis,stomach,1893,0.08010701166638627,0.058000803334671884
testis,thyroid,4058,0.06570752218369504,0.050072374045855565
testis,whole_blood,2494,0.07359385499737527,0.016383006596306093
thyroid,adipose_subcutaneous,5674,0.07439452032880894,0.0587225436724
thyroid,adipose_visceral_omentum,4248,0.051535272417521136,0.10543331791900215
thyroid,adrenal_gland,2436,0.08177470034805163,0.1278476483726276
thyroid,artery_aorta,4397,0.07369610087818579,0.07729348477241547
thyroid,artery_coronary,1824,0.07451144544536373,0.14610005305690638
thyroid,artery_tibial,5523,0.07888600202138951,0.05479946537395028
thyroid,brain_amygdala,956,0.10277496911976018,0.1374168559550849
thyroid,brain_caudate_basal_ganglia,2919,0.08647880925203622,0.08415373723247353
thyroid,brain_cerebellar_hemisphere,3641,0.0837814491982188,0.08399100525252505
thyroid,brain_cortex,2949,0.08503563208277067,0.09224018060274687
thyroid,brain_frontal_cortex_ba9,2816,0.08152192316579147,0.0846728201811076
thyroid,brain_hippocampus,1710,0.08733066985061953,0.1274703307747206
thyroid,cells_cultured_fibroblasts,5247,0.08110675413293413,0.04661172256588525
thyroid,cells_ebv_transformed_lymphocytes,2854,0.07319575584468711,0.0906196911270725
thyroid,colon_sigmoid,3713,0.07576057639847339,0.07473368064850222
thyroid,colon_transverse,3776,0.07503819087441815,0.08555820140423454
thyroid,esophagus_gastroesophageal_junction,3620,0.08138110929946141,0.08098940393111634
thyroid,esophagus_mucosa,5036,0.08404876468019525,0.05252842658965165
thyroid,esophagus_muscularis,5032,0.0762101189699163,0.06304015025045226
thyroid,heart_atrial_appendage,3605,0.07326003639578352,0.0882385607695084
thyroid,heart_left_ventricle,2806,0.06683794136414907,0.11483008937724558
thyroid,liver,1318,0.08908207283791045,0.1303759776081637
thyroid,lung,4788,0.0734098958208124,0.061884408949902034
thyroid,muscle_skeletal,4369,0.07994723309204162,0.04511800386528767
thyroid,nerve_tibial,6427,0.07987926613294442,0.049509256074218196
thyroid,pancreas,3076,0.07377250552952919,0.10210010058048327
thyroid,pituitary,2946,0.09018944654645439,0.09946780688625992
thyroid,skin_sun_exposed_lower_leg,6032,0.08785115043642344,0.04657412670846143
thyroid,small_intestine_terminal_ileum,1441,0.09546538091889305,0.14655595420465048
thyroid,spleen,3276,0.07352292529125341,0.08054322684442228
thyroid,stomach,2809,0.07903936299391316,0.10096229164758952
thyroid,testis,4769,0.09685402922861024,0.04066616977470397
thyroid,whole_blood,3606,0.07523192133290714,0.0439018565024265
whole_blood,adipose_subcutaneous,3929,0.09421801217862757,0.020185902464666748
whole_blood,adipose_visceral_omentum,2936,0.09213400663465689,0.05058104663688541
whole_blood,adrenal_gland,1703,0.09748415637348587,0.05363093269370973
whole_blood,artery_aorta,3041,0.083138684373857,0.030137076147357923
whole_blood,artery_coronary,1208,0.10853836470203386,0.06045792729483958
whole_blood,artery_tibial,3857,0.08313433654766698,0.03321381152201422
whole_blood,brain_amygdala,671,0.11723081695482476,0.07405521192070964
whole_blood,brain_caudate_basal_ganglia,1976,0.08226786333835694,0.046375264842231395
whole_blood,brain_cerebellar_hemisphere,2485,0.09034708881076413,0.03495591186487292
whole_blood,brain_cortex,2011,0.09168030261941629,0.05454385022689078
whole_blood,brain_frontal_cortex_ba9,1949,0.09171600083676172,0.031021343559031047
whole_blood,brain_hippocampus,1171,0.07636578988927896,0.08014059552185505
whole_blood,cells_cultured_fibroblasts,4017,0.08404509223527067,0.0372929639440429
whole_blood,cells_ebv_transformed_lymphocytes,2521,0.07728387640847928,0.04781177020560594
whole_blood,colon_sigmoid,2542,0.07944963698423292,0.06642866872631001
whole_blood,colon_transverse,2615,0.10133270767834646,0.04586374972029542
whole_blood,esophagus_gastroesophageal_junction,2407,0.08787782429615446,0.05989938668563987
whole_blood,esophagus_mucosa,3619,0.0958938679931014,0.047686686551161005
whole_blood,esophagus_muscularis,3336,0.07925791532988558,0.04314622964058902
whole_blood,heart_atrial_appendage,2468,0.10483004011501375,0.0532663731551618
whole_blood,heart_left_ventricle,2129,0.1088621981534741,0.045360167119489675
whole_blood,liver,970,0.1148824510742146,0.06751578837237501
whole_blood,lung,3479,0.0914485888852771,0.05612036601186303
whole_blood,muscle_skeletal,3394,0.07884034304547101,0.048401973427613314
whole_blood,nerve_tibial,4304,0.08309380848062983,0.02736049493283911
whole_blood,pancreas,2175,0.07564471546486748,0.05911019693686485
whole_blood,pituitary,1812,0.1029877615404866,0.045753194894067525
whole_blood,skin_sun_exposed_lower_leg,4156,0.08721117787086313,0.022885664933218315
whole_blood,small_intestine_terminal_ileum,1049,0.10556611176096553,0.11682187351108246
whole_blood,spleen,2714,0.07584539997989224,0.09701646598268186
whole_blood,stomach,1975,0.0900466421912335,0.06404258479867014
whole_blood,testis,3244,0.11010565932833148,0.03660339088204643
whole_blood,thyroid,4001,0.10339478843421873,0.02508164829353572
