cell,distance,pairs,frac_same_tad,r_same,r_diff,TAD_effect,p_TAD,TAD_effect_given_contact,p_TAD_given_contact,contact_effect_given_TAD,p_contact_given_TAD
GM12878,"(100000.0, 200000.0]",23463,0.7764991689042322,0.07568985751857063,0.034670320951628066,0.03992440023074896,3.475524769729974e-29,0.03504557550346287,1.492594593326585e-20,0.010762278344539055,9.43669459814491e-05
GM12878,"(1000000.0, 2000000.0]",147208,0.018742187924569317,0.06756491428803187,0.015694768136524304,0.051532307232177416,6.100145028261228e-41,0.03857247272981751,5.689081609540206e-23,0.013376257512946977,7.462284243460763e-72
GM12878,"(200000.0, 500000.0]",60783,0.4807100669595117,0.05344676559466716,0.025822635135736117,0.025504929585581614,1.6503698342179988e-47,0.01816886997078721,3.245255191699058e-22,0.01584101910249556,1.1110567036557721e-29
GM12878,"(25000.0, 50000.0]",7045,0.9298793470546487,0.13371372390975375,0.09566480717208398,0.036796312667021,0.0020840992143384466,0.04080758719102433,0.0008067017873025829,-0.015309426735158435,0.08565488874891938
GM12878,"(50000.0, 100000.0]",13010,0.8841660261337433,0.09986769834641802,0.06142180822741138,0.037151440188441125,1.5611594811626474e-08,0.033701799871404155,8.0343363566949e-07,0.008665164079720608,0.06515003159889683
GM12878,"(500000.0, 1000000.0]",87701,0.1419026008825441,0.05386938868665035,0.017569034132020704,0.036572453757257296,6.000045684740938e-74,0.02641506692935543,1.3079552447475984e-36,0.018380735937421632,5.5328165095009175e-67
IMR90,"(100000.0, 200000.0]",18929,0.7297268741085108,0.04979619114213455,0.036413154465628435,0.012171638050430098,0.02804901467937131,0.006839484160255466,0.25718389930546826,0.008062504525448379,0.026064873082279446
IMR90,"(1000000.0, 2000000.0]",120543,0.022531378844063945,0.0514002446078697,0.007967205715271089,0.04272008060560044,6.924803820706871e-12,0.03329591564782723,1.5371613888070608e-07,0.006125415571730822,1.0311976733665164e-14
IMR90,"(200000.0, 500000.0]",48823,0.42246482190770746,0.04202307875660906,0.01251323894401152,0.028019656807892142,9.10584161022843e-20,0.019226526684096433,1.206194239473823e-08,0.01193906544675753,2.0365702767305783e-10
IMR90,"(25000.0, 50000.0]",5724,0.9033892382948987,0.09547445262101159,0.05621952697624647,0.03907847974762067,0.014380206319979997,0.052149231950326405,0.001553354723578129,-0.03460188986718705,0.0015102981928919001
IMR90,"(50000.0, 100000.0]",10622,0.8485219356053474,0.07065466338976177,0.04067403348914772,0.02900870455826603,0.0019094207748759477,0.039366334880764485,7.933125474310355e-05,-0.01821708921671365,0.003022133783433309
IMR90,"(500000.0, 1000000.0]",70905,0.14162611945560963,0.038935314609388615,0.009542245255477182,0.029081968072698507,1.829903694173008e-16,0.02020634250849711,8.153700765218749e-08,0.008489261201003278,1.4049630104365548e-11
