lag,autocorrelation,genes
1,0.6061441099701136,18998
2,0.5329263564120306,18998
3,0.5069627389438943,18998
4,0.48485430495706283,18998
5,0.46542864333864314,18998
6,0.46259541003658994,18998
7,0.4436751305700455,18998
8,0.4249971165758002,18998
9,0.4106297809740559,18998
10,0.39543132939562714,18998
11,0.38387324051787886,18998
12,0.3759337087868568,18998
13,0.3617031729451086,18998
14,0.347487812515503,18998
15,0.3489706802491972,18998
16,0.3373859859114632,18998
17,0.3252640569072848,18998
18,0.3137460458957765,18998
19,0.31588823400373306,18998
20,0.30001687218433043,18998
21,0.29955557707849656,18998
22,0.2961125997375046,18998
23,0.2743183826692219,18998
24,0.2763801420784414,18998
25,0.2640614803452322,18998
26,0.2549185246898995,18998
27,0.2534877352771571,18998
28,0.24558328759674508,18998
29,0.23466682192789062,18998
30,0.23311445405037123,18998
31,0.22100167474221236,18998
32,0.21880601485527684,18998
33,0.21254155832138977,18998
34,0.20645171644051877,18998
35,0.20374934669566072,18998
36,0.19526622744384187,18998
37,0.18440124307764225,18998
38,0.19224094715358372,18998
39,0.19002999495212505,18998
40,0.1906756418445804,18998
41,0.18065896221097527,18998
42,0.17320561352551478,18998
43,0.1705732176433844,18998
44,0.15951094169433627,18998
45,0.1597320645209951,18998
46,0.14989235380637397,18998
47,0.15031700511390253,18998
48,0.1496846423129609,18998
49,0.14216475982865295,18998
50,0.13424299730674463,18998
51,0.13552246919693112,18998
52,0.1283709822596981,18998
53,0.12291019458815455,18998
54,0.1181317975985951,18998
55,0.12349415696975798,18998
56,0.12099310391876204,18998
57,0.11184515721775173,18998
58,0.10608219929759168,18998
59,0.10619196143467761,18998
60,0.10743273343964978,18998
