tissue,samples,genes,var_b,var_b_odd,var_b_even,corr_b_odd_even,old_obs_L1,old_pred_L1,in_obs_L1,in_pred_L1,quad_obs_L1,held_pred_L1,held_obs_L1,old_obs_L2,old_pred_L2,in_obs_L2,in_pred_L2,quad_obs_L2,held_pred_L2,held_obs_L2,old_obs_L5,old_pred_L5,in_obs_L5,in_pred_L5,quad_obs_L5,held_pred_L5,held_obs_L5,old_obs_L10,old_pred_L10,in_obs_L10,in_pred_L10,quad_obs_L10,held_pred_L10,held_obs_L10,old_obs_L20,old_pred_L20,in_obs_L20,in_pred_L20,quad_obs_L20,held_pred_L20,held_obs_L20,old_obs_L30,old_pred_L30,in_obs_L30,in_pred_L30,quad_obs_L30,held_pred_L30,held_obs_L30
adipose_subcutaneous,714,19629,0.0037172634737607795,0.003910780126873225,0.0035061846206321723,0.9863117402903111,0.019876446911537334,0.018827230783423788,0.021176590570891756,0.018827230783423788,0.02249715976288419,0.01958502778493608,0.020105140278887414,0.019272149253918104,0.01676497593035812,0.019761516632076728,0.01676497593035812,0.021040295885164664,0.017468552093102024,0.018721017885362776,0.01828644063638125,0.015314094337810388,0.01822518283929906,0.015314094337810388,0.01916788603528359,0.016021731769789826,0.017116325058610573,0.016624592588118565,0.01424465175635206,0.016323134223059765,0.01424465175635206,0.01724060449497838,0.014835940486092063,0.015635591455442154,0.014709415248876688,0.012749986298322018,0.014706405688790149,0.012749986298322018,0.015323374083138226,0.01360295617876798,0.01441144191227975,0.013337892921178133,0.01092529048541816,0.012944529881308498,0.01092529048541816,0.01368141393508691,0.012050349302407538,0.014135115924411657
adipose_visceral_omentum,587,19589,0.004767441079822297,0.005003040633765209,0.004565091768364214,0.9782114361678522,0.017806728454510232,0.0186910336409694,0.018426177189137447,0.0186910336409694,0.0196332156985861,0.01922453773533836,0.016598545935858793,0.018155145523660116,0.016674317827366832,0.01799024374015638,0.016674317827366832,0.01944862888684943,0.01705462017986634,0.016241033910685206,0.016393685145895745,0.01529393242190157,0.01640009688669909,0.01529393242190157,0.01710113548076147,0.015691351789478194,0.014691572529592684,0.01569339786059938,0.014107982338109193,0.015374038575639879,0.014107982338109193,0.01624924955200162,0.01444611193783897,0.014125020155335614,0.013081470649759125,0.01235488739770144,0.013213243743466248,0.01235488739770144,0.013401685742994525,0.013016271796427795,0.01221570272686832,0.01205254829996213,0.01096866262219159,0.01199125454379751,0.01096866262219159,0.01223990282632175,0.011789293384078579,0.012568942173566158
adrenal_gland,295,19268,0.0065079602173076035,0.006858027561224433,0.0061409690203098315,0.990907307261669,0.022332816800989735,0.02634312097758612,0.023300400120613678,0.02634312097758612,0.024782656244627128,0.02666027896052219,0.02118354771778978,0.021325738251488587,0.023736016784363673,0.021715959282473694,0.023736016784363673,0.02310259689930199,0.02431024239322063,0.02019718181274073,0.02117220225392792,0.021654099572129104,0.021026703987733854,0.021654099572129104,0.0221785605400675,0.022107051987415815,0.01931468714475384,0.019648624792850553,0.020045326049333016,0.019505578190607047,0.020045326049333016,0.020288558318535467,0.020508137089946095,0.019353624919104962,0.01794944050662749,0.01729729269122853,0.01805140775982133,0.01729729269122853,0.01894765736483683,0.01762576268791775,0.017780465792628448,0.015833110477033556,0.015760486074263193,0.01574435339281692,0.015760486074263193,0.016394132221119344,0.016928914348377944,0.01575480191205714
artery_aorta,472,18956,0.003956528884463765,0.00408816772133088,0.003854607127123106,0.9818991404184549,0.021990752896838318,0.020626764574618886,0.02213647387575013,0.020626764574618886,0.024330957686116792,0.020826594191169806,0.020182353361731437,0.020757294594963442,0.018481741552709475,0.020282774734745736,0.018481741552709475,0.022354710005371578,0.01867135823794191,0.018799474525850058,0.019725415489071165,0.016956995818752662,0.018884997099918293,0.016956995818752662,0.02056579124421658,0.017017407179019325,0.01758159816361399,0.01810909543426458,0.015556105086544493,0.017140901190754603,0.015556105086544493,0.01888782054906533,0.016194260787214795,0.016252785930138215,0.016155124518251823,0.0137422230679066,0.015250494735328449,0.0137422230679066,0.016650246514211917,0.01422824153385562,0.014532472343474887,0.013858499414303468,0.011874426784496217,0.01317299710490967,0.011874426784496217,0.014236696945232033,0.012780768775694932,0.013353572516685036
artery_coronary,268,19391,0.004541666216191477,0.004398014637138966,0.004862207673214282,0.9722189084172074,0.019838109768291617,0.018519636994250275,0.019816742874917824,0.018519636994250275,0.021519688900426374,0.017523063783850757,0.01913897072239616,0.01937129071061474,0.0165170219720332,0.01889265638240013,0.0165170219720332,0.02066150910573414,0.01571868200297917,0.018157960178078636,0.018150096326453355,0.01516253065699138,0.01757436633191959,0.01516253065699138,0.018905506844717326,0.014335288030354127,0.017166248748929212,0.017197899110715297,0.014032200299635708,0.01619665230720088,0.014032200299635708,0.017592077411182523,0.013357755609840134,0.016337403654150033,0.015884800766961825,0.012414838178426339,0.015320228289609925,0.012414838178426339,0.016301437989023403,0.011869470921092796,0.01522004120070381,0.013997253473817466,0.010763547622262263,0.01339204428564895,0.010763547622262263,0.014402513704891384,0.010824405876700706,0.014949871561732355
artery_tibial,691,18534,0.004745937769567622,0.00493328053877874,0.00453562648053757,0.9876328440458484,0.021943297856268223,0.02248662945417042,0.022474309853952965,0.02248662945417042,0.023842197283106645,0.023157864574549915,0.02157153059292558,0.02008889143834352,0.020178848335420094,0.0200588479571683,0.020178848335420094,0.02135504734449929,0.020806789028706498,0.01965611873027549,0.01940182395676712,0.018499023055904652,0.01883604982093846,0.018499023055904652,0.019941417670014228,0.019204826196029482,0.017958320756155752,0.017309565880471455,0.017024094589923624,0.01666407097879256,0.017024094589923624,0.017715076634785065,0.017761161948291294,0.016720609972081465,0.01523022210069403,0.015119264604582926,0.014926956604606629,0.015119264604582926,0.015734509254594957,0.01594589374451463,0.015524195274324384,0.013419291654377928,0.013200703352001518,0.013037964548001093,0.013200703352001518,0.013712265103186835,0.013952267289084006,0.014378805774769306
bladder,77,20525,0.0037767559460181285,0.004005063818579341,0.0036013533319921645,0.9683530784470108,0.01636095313814733,0.015958035733471022,0.017007663218162862,0.015958035733471022,0.019002965196046176,0.01666240228281275,0.01682579505798616,0.015509126734343362,0.014132195200790483,0.015507887058586096,0.014132195200790483,0.017442570033539984,0.014687558704420779,0.015385417608331325,0.014611801250682035,0.012726909861019951,0.014307985498404563,0.012726909861019951,0.01590432852702324,0.013306180386887606,0.014075548790935971,0.013685708730101772,0.011925885179205174,0.01337627987279499,0.011925885179205174,0.01462571115449676,0.01255889851881164,0.013624965181180483,0.01280560131264817,0.010450861251331359,0.012600027028861741,0.010450861251331359,0.01361501981773289,0.011322982983947872,0.013081690523934392,0.010942165985664679,0.00925997056555081,0.010924266522135708,0.00925997056555081,0.011859520376582269,0.010297570221786723,0.012011570871211151
brain_amygdala,181,19776,0.004502374613857775,0.004688959603115264,0.0042656829496492835,0.9941732145999759,0.02563307150689972,0.020928254713874453,0.02582332137555677,0.020928254713874453,0.02789372233807847,0.021211100908304175,0.02500413525402011,0.023755198432433157,0.018941338701131707,0.02342589768176595,0.018941338701131707,0.025430291273498617,0.01896967403749151,0.02293675692700842,0.022465672668960834,0.017460926771235254,0.021804789026198826,0.017460926771235254,0.023332895283464904,0.017637142989953287,0.02138116782276953,0.020716369357244354,0.01601025549539765,0.019914405923539748,0.01601025549539765,0.021345815445861862,0.016143271455125372,0.020494779586220126,0.018466857789251015,0.014342845547482636,0.017707601791114934,0.014342845547482636,0.018882581328885716,0.014594378651279048,0.01824708419108781,0.016194249991148903,0.012582437603366872,0.015839894544725557,0.012582437603366872,0.016722411160380157,0.01304008700558988,0.016690831671141108
brain_caudate_basal_ganglia,300,20323,0.005602355337991803,0.005854163792541846,0.005287270365110011,0.9934772213596146,0.028265464576069665,0.025157035970594797,0.028976320813271443,0.025157035970594797,0.030713928403736702,0.025727972876510005,0.026906660954844112,0.025896708850178862,0.022649624135994417,0.025950100817857594,0.022649624135994417,0.027630020748054436,0.02285310408749485,0.023683426744325838,0.024369272531906756,0.020718832241271905,0.024232807191020507,0.020718832241271905,0.02524966294506696,0.021149571506100077,0.022470892792662622,0.02250444707160176,0.019180675460279135,0.021780032878764205,0.019180675460279135,0.02274666614322773,0.01962611792268912,0.020499256280701535,0.020038071134420445,0.016630491871078425,0.01949821749241303,0.016630491871078425,0.020501760320782356,0.017068786005820083,0.018861543845271733,0.017863943135173463,0.015002704588300735,0.017693896558272727,0.015002704588300735,0.018274859447396943,0.015910480579008776,0.017226428778769367
brain_cerebellar_hemisphere,277,20511,0.005816840526807701,0.006206029100047027,0.005358211007337209,0.9896094111752622,0.0363186171081776,0.03307366916243047,0.03873283057288199,0.03307366916243047,0.039795663639568726,0.034781266905486524,0.03574204012559944,0.03406622923956803,0.030199341943631205,0.03537290357106126,0.030199341943631205,0.036528544084429446,0.031461582483479335,0.03208373517521805,0.031998163175097245,0.027666057158985874,0.03311746086592675,0.027666057158985874,0.034193207260423686,0.029087352525363125,0.03068983832666774,0.029228289653976575,0.02584248663158602,0.02965781717582609,0.02584248663158602,0.03071720260036459,0.027289987030310495,0.029203757269392203,0.026366089590701743,0.02270560167749417,0.026748092606129373,0.02270560167749417,0.027697546042488218,0.02407249113853971,0.026158274797551305,0.023772345244165032,0.020389387338589006,0.024161824366012233,0.020389387338589006,0.025046644842971668,0.022271018917023568,0.02413780157914577
brain_cortex,270,20653,0.004372242237051641,0.004616849616663932,0.004075514088615202,0.9930345733951872,0.029586660570386693,0.026959828178884933,0.03088574927660441,0.026959828178884933,0.0323285723132267,0.02783554259286017,0.030157856489390913,0.028023456552240388,0.024536996695312764,0.028537798671936388,0.024536996695312764,0.029997314597711145,0.02528963333571803,0.027736921944854023,0.02610278704285289,0.022077431957229686,0.026209686254790723,0.022077431957229686,0.027425798780416465,0.0228652390385513,0.025448537805125203,0.024672676480565578,0.020515303979343227,0.024391545795045818,0.020515303979343227,0.02553462996279588,0.02106645008974573,0.02447732862625795,0.022065298059937084,0.018440614791643897,0.02175229859244779,0.018440614791643897,0.022770129316004896,0.019123681875850077,0.02163845366239433,0.01956646049953174,0.016449423504887668,0.019000552189064206,0.016449423504887668,0.019890666206700092,0.017402114979914007,0.019511110269301534
brain_frontal_cortex_ba9,269,20390,0.004525205123014623,0.004827474500826623,0.004167913224417466,0.9923088739738296,0.02562035945200077,0.024127131640796298,0.02565621425524409,0.024127131640796298,0.027312805708547196,0.025059271138648857,0.024236593747857735,0.023618677096585574,0.02185562690837156,0.023386073966248155,0.02185562690837156,0.024899492740498356,0.02265174337803728,0.022367641437523123,0.022218659921069986,0.019920762882071934,0.022083165824541718,0.019920762882071934,0.0231790432282748,0.020725815469538642,0.02106965156660711,0.020730309430002807,0.01856106023434806,0.02037946305002993,0.01856106023434806,0.021397313652850587,0.01909534189396732,0.020404452944850535,0.018197408285805437,0.01631680998200633,0.01793977669025787,0.01631680998200633,0.018578334671952607,0.016959741672525765,0.01789078201775454,0.01665206704292387,0.014640513614225126,0.016134590231219808,0.014640513614225126,0.016750763207810743,0.015744870602268254,0.016961920370360904
brain_hippocampus,255,20044,0.005741121516563384,0.005935511778208247,0.005560131199653699,0.9923645936426353,0.02398833512589676,0.02204747324211595,0.024431337440917477,0.02204747324211595,0.026182787938691603,0.02211800623180294,0.021741942306871435,0.0219277582239639,0.019884369806559027,0.021813900001638645,0.019884369806559027,0.023597911055933746,0.019779671978421322,0.01932580884462094,0.020494861458117512,0.018209811530306323,0.020283424351763293,0.018209811530306323,0.02154496807299712,0.018173057732616335,0.018446617487618198,0.018971906896638857,0.016909206712382302,0.01841415208039602,0.016909206712382302,0.01961543507476906,0.016848914648506068,0.01768592118813949,0.017548607602060434,0.015007753971048636,0.016718401582889095,0.015007753971048636,0.017802133431467547,0.015052085807128971,0.015497272690179113,0.014813194977648072,0.01328565249169552,0.014544204953084835,0.01328565249169552,0.015215661671441293,0.013828275667288057,0.014418516848795308
cells_cultured_fibroblasts,652,17357,0.0020047300452901823,0.0021208559142308825,0.0018924031662804412,0.9782367378832645,0.007957588908528825,0.010551646563323722,0.008088112319986965,0.010551646563323722,0.008311367740068356,0.010604068674057077,0.007917859212132554,0.007985015327997405,0.009651229745859604,0.007484367231936751,0.009651229745859604,0.007765674212299755,0.009621317282972637,0.007414481923884239,0.007965840365902992,0.008908257033594191,0.007203860315557206,0.008908257033594191,0.007701542136015469,0.00902039022240103,0.006572615936261435,0.006814440681159673,0.00818922610219003,0.00638905531701277,0.00818922610219003,0.0066294165694862585,0.008216046625884274,0.0059699691552626295,0.0059476230013792986,0.00688453969669368,0.005425641038165437,0.00688453969669368,0.005571927032271794,0.006988789625136852,0.0051525897173073515,0.00546186160167497,0.0062256563204062575,0.004935215459903836,0.0062256563204062575,0.005230409010168412,0.0064652161896164295,0.0048855199925288
cells_ebv_transformed_lymphocytes,327,18157,0.001928702158236965,0.0020496464959520694,0.0020913736258467,0.8642295297846757,0.011769527124857541,0.0132924613812199,0.01218742462171702,0.0132924613812199,0.013241655696981788,0.013336986565852605,0.009811788595345455,0.011586204870242953,0.011846206954265413,0.011447492384606905,0.011846206954265413,0.01250994526652469,0.011850820887954291,0.009496981452714158,0.011166888009220945,0.010763945335946441,0.010446416732049981,0.010763945335946441,0.011715153782238752,0.010708611023990377,0.00843765230120176,0.010066771751544959,0.010045899110210482,0.009356682769652756,0.010045899110210482,0.010250799864460107,0.010247025034650357,0.008362652738277656,0.008724205586309243,0.008572123809208814,0.008221165246950027,0.008572123809208814,0.008898633516786172,0.008759858146381985,0.0075893883531141185,0.007680469807861379,0.007862597347348513,0.006963027094123782,0.007862597347348513,0.007879842729542102,0.008216980271292262,0.006988391015526749
colon_sigmoid,419,19633,0.003741346630505185,0.004004071995615919,0.0034505466981691255,0.9875649243771075,0.015902043296529677,0.015972619067067654,0.01563694595532448,0.015972619067067654,0.01734435926054804,0.01686386515202672,0.014623382717456258,0.014805589155427358,0.014271751699668883,0.01397023485135701,0.014271751699668883,0.015740675911166572,0.015020479211487855,0.013134558195608064,0.014123665262943761,0.013044128096435115,0.013274192082688244,0.013044128096435115,0.014624094229841681,0.013797186945587684,0.012975725935028265,0.013093200091305412,0.012020153870721285,0.012306320784828864,0.012020153870721285,0.013601351731883453,0.012902098923536921,0.012163286019451457,0.011495014256406222,0.010478574516605096,0.011136835181832318,0.010478574516605096,0.01193053224750351,0.011362641824297538,0.010956771540662585,0.01049494087347769,0.009426489316528782,0.010137275341032067,0.009426489316528782,0.010981856257863945,0.01037252633907323,0.010376069886531196
colon_transverse,479,20430,0.005917422080594584,0.006172276248644756,0.00609616445288515,0.9524186094171405,0.01581362581431642,0.018874374264575923,0.01484289768858944,0.018874374264575923,0.015232488424675502,0.019189703606023976,0.007748129772296789,0.014659641771916143,0.016646974909858888,0.014154088322831201,0.016646974909858888,0.014698333776281321,0.016822329822938208,0.0076141698709989245,0.01360462753080716,0.015127289330168742,0.013489369346818268,0.015127289330168742,0.0135707070532134,0.015426999183666511,0.00828355835039184,0.012638620750260275,0.014141899080343813,0.012265038091191331,0.014141899080343813,0.012502581403987162,0.01453274798265734,0.005670597770688958,0.011739886775060621,0.01234347837633874,0.0114456299406879,0.01234347837633874,0.011434076382181758,0.012838666682711324,0.006851538519874501,0.010651573258217724,0.01117946245206107,0.010402288171722267,0.01117946245206107,0.010643921537636141,0.011969030942051727,0.007660957076729336
esophagus_gastroesophageal_junction,403,19351,0.0037810271568966183,0.003983274464973508,0.003547870231676195,0.9868694001643403,0.019009862131448264,0.018162371945191633,0.018786392457412406,0.018162371945191633,0.020983022700461536,0.018526953044129883,0.018126931376040257,0.01745277213097816,0.016320848889994202,0.016876419500805945,0.016320848889994202,0.01901187890212957,0.016569561948921483,0.016465303301079315,0.016485053775762315,0.015064158230599447,0.01573028015716191,0.015064158230599447,0.017306877954175945,0.015359648861021511,0.015347542218640858,0.015639968508312865,0.013727212957213733,0.014628510646841201,0.013727212957213733,0.01622128085106251,0.014087023774297885,0.015025773988653152,0.01371619265179113,0.011903327521862454,0.013343296876795068,0.011903327521862454,0.014303943590151526,0.012462774344177883,0.013633175982192153,0.012252511753040249,0.010710460367665122,0.011735625888591285,0.010710460367665122,0.012750619655430857,0.011526862901372345,0.011956035006348828
esophagus_mucosa,614,19344,0.005619753504829907,0.0062820171565963045,0.004897947219591452,0.9707662922244847,0.023707643944292544,0.0238452534535192,0.025171111280420915,0.0238452534535192,0.026616719496914604,0.02642437032535713,0.02006380363118177,0.022141317611456733,0.021159876531066733,0.022687531233824356,0.021159876531066733,0.02417366014521329,0.02322353651602264,0.017461401835871308,0.02140904360556085,0.019357047400018902,0.021661538906466764,0.019357047400018902,0.022636942517380357,0.021691163897936128,0.01683480488340199,0.019542899341005785,0.017998453257455763,0.019414139907242774,0.017998453257455763,0.02033561427113483,0.020289154268324915,0.016424408302731484,0.016851029805307404,0.01590993908643907,0.016704880627996396,0.01590993908643907,0.0176641190106984,0.01784656513913466,0.013706562290525649,0.014635828280128492,0.014031585480681381,0.014617051426569614,0.014031585480681381,0.015317940250495089,0.016459486997991386,0.012452133328319775
heart_atrial_appendage,461,18921,0.00501862339214344,0.005176966214764429,0.00481076261190794,0.9905439930977155,0.02314922594002422,0.021264495705053663,0.023751632180592966,0.021264495705053663,0.025397349959097718,0.021421249600276058,0.02227714405353912,0.02230567799978033,0.01929492750224156,0.022382700906488178,0.01929492750224156,0.023991913292879655,0.01950548348172213,0.02055727102776761,0.021085467862777305,0.01764233596473665,0.02087269153295396,0.01764233596473665,0.022219064786444417,0.01787936035675209,0.019593854806223405,0.019368491255239366,0.016535566892892015,0.018796791461936573,0.016535566892892015,0.02004307630893784,0.017038947988116594,0.01770805929914024,0.017478947915420397,0.014302845039017706,0.017506606369404626,0.014302845039017706,0.0182194384382785,0.014625942688539444,0.01622071080973937,0.01575346982994179,0.012704111834119415,0.015551924468983519,0.012704111834119415,0.016383090490443973,0.013695349057500354,0.014675352430298565
heart_left_ventricle,452,17728,0.010643352361695568,0.010772517176566762,0.010364104934600785,0.9964243054948903,0.028220105475477802,0.03441154732976119,0.028509069603818025,0.03441154732976119,0.029847553896989606,0.03448209056590328,0.02553936446639253,0.02585547409838634,0.031114620218904595,0.024872393246119843,0.031114620218904595,0.026181347502264796,0.030991617104631546,0.021872850442622827,0.025994531213402842,0.02838984174656824,0.025568608698935957,0.02838984174656824,0.026731014889166193,0.028650652615482396,0.023038678475481984,0.023219429995125284,0.026238788613954227,0.02211751613583893,0.026238788613954227,0.023115158072560718,0.026666822069994222,0.019673881755994563,0.02148351720219239,0.023226550780625826,0.021099511714363865,0.023226550780625826,0.02183480770905244,0.02375208421975662,0.019241020156856616,0.020258768137336305,0.020099560556690866,0.02036932900908393,0.020099560556690866,0.021016683495951524,0.021157342587853175,0.01626363956170548
kidney_cortex,104,20140,0.00425170015489174,0.00423413654628449,0.004423144351633774,0.9644203829799151,0.01912585081889903,0.01663259370786943,0.020320492236893042,0.01663259370786943,0.02180543676575125,0.015920671589827518,0.01851845445999764,0.018132657652816894,0.015156771005130581,0.018527161014397452,0.015156771005130581,0.019939460167378346,0.014413738148094999,0.016404835035003416,0.018594583183412713,0.013806821545155154,0.01817556316356468,0.013806821545155154,0.019445988584152814,0.013133550806865861,0.016724874836777457,0.01673279311028155,0.012658180664272595,0.01641193426970004,0.012658180664272595,0.017448386919539018,0.011967728365239067,0.015540079840264315,0.014742527654439404,0.011420653330890672,0.014430967385521605,0.011420653330890672,0.01538532666639481,0.011037561618666248,0.013924865060375812,0.012856077791087103,0.010088159919841523,0.012579154650275485,0.010088159919841523,0.013317715671002504,0.010167715292446294,0.012562829429939415
liver,262,18173,0.0044862937275468315,0.004662427270254636,0.004285044064106922,0.9780251969035797,0.017868117696623633,0.015307895740651967,0.017867680428786954,0.015307895740651967,0.01998558066891627,0.015614707351215618,0.01604888856994067,0.016814755098214135,0.013701906573568665,0.016108746668767486,0.013701906573568665,0.018084444798529026,0.01365274514271874,0.01479419635981094,0.015930737411460446,0.012703437311510262,0.015260567319937777,0.012703437311510262,0.01667186795942856,0.013085300788854691,0.014141529154279874,0.014620247647150345,0.01153779025744177,0.01399010258440942,0.01153779025744177,0.015045489797965278,0.01173394321931618,0.013469769744209012,0.01343603210981128,0.010304347869635085,0.012795906941083028,0.010304347869635085,0.013989368447199939,0.01065993753563662,0.012240977676944518,0.011732223587995999,0.009163750268808408,0.011502657090322018,0.009163750268808408,0.012178169992349799,0.00998894642234867,0.010753573288716602
lung,604,20658,0.0043911269335992,0.004641535286313981,0.004280339913471892,0.9587261436880128,0.01637981574175954,0.014992408180236392,0.01745695792868649,0.014992408180236392,0.01858548771520005,0.01554863811197201,0.014447030719224463,0.01634382110586257,0.013356138367065165,0.01667988036992663,0.013356138367065165,0.01782069808075238,0.013838251347068866,0.01375661778732553,0.015615600334939495,0.012233113663335625,0.015452611859857244,0.012233113663335625,0.016357841746909515,0.01291851416490577,0.013321070354041863,0.014254854821450424,0.01126406916463098,0.014255570930224601,0.01126406916463098,0.014761169356114946,0.011872434013634947,0.01213948357203422,0.01243359504261659,0.010021995544234056,0.01239687695536545,0.010021995544234056,0.012885449560838227,0.010391733685799239,0.01011294910920008,0.011233192043509367,0.008955956821943948,0.010946830003395216,0.008955956821943948,0.011731768113791,0.009547377884554073,0.009610925018606406
muscle_skeletal,818,17164,0.004265975268269304,0.004392540917760565,0.004161547864778087,0.979219119050144,0.016645838746128665,0.016501254469242523,0.01651342591307878,0.016501254469242523,0.018089125055051867,0.01710989024459368,0.016765620375156418,0.015735991301353246,0.014872170070752349,0.015220857580068355,0.014872170070752349,0.01674995641418738,0.015424221370017348,0.01574486522615797,0.0146889114693998,0.013555418277669632,0.014039215410695523,0.013555418277669632,0.015214751052475663,0.014114578409362491,0.013979651363554108,0.013546644471594134,0.012441585193989059,0.012925806780504366,0.012441585193989059,0.01400691761431099,0.012957439209854245,0.013057984162661811,0.011739152661500642,0.010630053102536565,0.011545217120299933,0.010630053102536565,0.012159002210778229,0.011254382329339556,0.01206654167522773,0.01040372416774598,0.00953372634787658,0.009898523919414799,0.00953372634787658,0.010586132219170721,0.010304904839334638,0.010877384135413611
nerve_tibial,670,20715,0.00351353639784117,0.0036705708078587176,0.0033263730250879175,0.9872828642105872,0.023533873715761586,0.020681621210807074,0.02479911994754211,0.020681621210807074,0.02662052152601429,0.021341326867457454,0.02337881578929175,0.02254684686579034,0.018614503268837186,0.02315768666106611,0.018614503268837186,0.024608366677404653,0.019212648420970615,0.021597228712902625,0.021354525972695142,0.017104714851388484,0.021208701420429854,0.017104714851388484,0.022409609893212227,0.01750898612779471,0.020146621770970503,0.020530528153761878,0.015578300784602598,0.019932027282925292,0.015578300784602598,0.021227694895884504,0.01618790710800789,0.019333202878726273,0.01773817632876534,0.013885807489583585,0.017429536578697308,0.013885807489583585,0.01834642095946045,0.014568614036643727,0.016503774508287883,0.015093596430682353,0.012036462857590215,0.014840373470670467,0.012036462857590215,0.015780439888968885,0.013171447960052285,0.015402142095219222
pancreas,362,18615,0.003874878643392454,0.004042844376809403,0.0036903389226618463,0.9853386924019816,0.025668377324928954,0.022257749280529728,0.026715236893565714,0.022257749280529728,0.0283386699051865,0.02251090247799997,0.025599189830402807,0.025216161110492383,0.020226248444099114,0.025091241623844063,0.020226248444099114,0.02661315189546132,0.0205428020516846,0.024344483597409334,0.02440485760485658,0.018804514285291646,0.02371287757484545,0.018804514285291646,0.02505589628294725,0.019293612286470176,0.023388700236424143,0.022711064435829875,0.01719499746465913,0.021948302293069377,0.01719499746465913,0.023216962610898468,0.01735110668643867,0.021759167760505394,0.020406706413776954,0.015036599560472487,0.019774389746882958,0.015036599560472487,0.020912581206038738,0.015574056694942565,0.019432427552418606,0.017817748058101043,0.013415483445902335,0.017425783868604085,0.013415483445902335,0.018148508269714418,0.014385353891056732,0.017204543028176856
skin_sun_exposed_lower_leg,754,20279,0.006408685094819817,0.006756407103958937,0.005959339102318749,0.9935856427943838,0.031696759992773695,0.029538058408968792,0.032839845791113584,0.029538058408968792,0.035447616504469634,0.03118728460726697,0.030417971331514942,0.030469077500361035,0.026314052001075384,0.03062897674603362,0.026314052001075384,0.03311541080609233,0.02809271172945039,0.02784389980728876,0.029576466566647187,0.02409891298997102,0.02908368432997666,0.02409891298997102,0.03133368182914685,0.02587112352494,0.026417192701870634,0.026776261303562372,0.022555371015306355,0.026600147866798523,0.022555371015306355,0.028295296881923247,0.02446287162683929,0.02505849948684479,0.023796779856726118,0.02002670360007373,0.02342296200967147,0.02002670360007373,0.025039919861027084,0.021237634597444117,0.021974625459385364,0.020717940836107267,0.017842019193145868,0.02023680140973273,0.017842019193145868,0.021716901595844988,0.01968532483723544,0.020503709747432628
small_intestine_terminal_ileum,207,20931,0.003903448801956224,0.004702293005387284,0.003478542079265565,0.8949735094112791,0.012203127199796092,0.013083073759381758,0.012207539850058095,0.013083073759381758,0.012600113593511587,0.015536344307493543,0.010055013006915607,0.01188608960242911,0.01159680980506284,0.011784486551282574,0.01159680980506284,0.012266967941370622,0.013825543529242276,0.0092938496063083,0.0113896580327682,0.010434515895671324,0.011116938502079626,0.010434515895671324,0.011523549906646547,0.012644017501274262,0.009328685011911746,0.009925868201266006,0.009930741208394179,0.009741585655658858,0.009930741208394179,0.01012570560630935,0.012025582928922097,0.008029292646121344,0.009839912905069092,0.008540836481739669,0.009949035006873766,0.008540836481739669,0.010068163685879032,0.010359656401821094,0.008737942154830366,0.007745746557624036,0.007816049200347163,0.00805917372300067,0.007816049200347163,0.007835313397796948,0.009822763946254497,0.007826120178000608
spleen,277,20523,0.004855335533723521,0.005188110383837864,0.004706028228260599,0.9496039956828989,0.027589420525587462,0.026908511281557215,0.029809465040262027,0.026908511281557215,0.0313298590439383,0.027612481539873595,0.023109638526417765,0.027735457291337664,0.024256078584500743,0.02855113849568035,0.024256078584500743,0.030270504782273028,0.024745074651365002,0.021186599014834745,0.02573210743532919,0.02181625396503787,0.025718627536734453,0.02181625396503787,0.02701580686408052,0.022478482417062594,0.019652745786633553,0.024128967811381862,0.02010551566398264,0.024023055343844166,0.02010551566398264,0.025022237859594676,0.021007220562148328,0.01940730144064254,0.02151018149579568,0.017943960325810596,0.021276397679369747,0.017943960325810596,0.022176674366315433,0.018187615993825648,0.016996770962870066,0.018785875584886837,0.016253823637792854,0.018464087523588885,0.016253823637792854,0.019224250056785016,0.01741900322108972,0.015009086930171498
stomach,407,19437,0.005868957367361207,0.005887412582384643,0.006255324978876372,0.9716372208686169,0.016009963478329798,0.01949444192337573,0.014601416909681964,0.01949444192337573,0.015648330724652784,0.01915390581934799,0.008998880321158814,0.015197959875228425,0.01732427863460365,0.013912851487172315,0.01732427863460365,0.014931612890906384,0.016862138547541546,0.009245626608938086,0.01397682801828621,0.015771037990994552,0.01318809563493398,0.015771037990994552,0.014063126578382766,0.015239692102485578,0.009214985619743243,0.013213803281141,0.014596678482173376,0.01269736385043829,0.014596678482173376,0.013322803306246552,0.0142126987981718,0.008205382178070975,0.012222530072165049,0.012888366888740914,0.011478756207734508,0.012888366888740914,0.012084999366077348,0.012524061193915938,0.009077765198795575,0.010235283184416128,0.011770423229214807,0.009450239470366705,0.011770423229214807,0.009916609443772642,0.012049395377442007,0.00553953195736742
testis,414,28411,0.0028420961626698885,0.0028179240615835047,0.0029163604139282396,0.9797162586748279,0.015538840871623563,0.014885846491402477,0.017440656015201932,0.014885846491402477,0.017897151500364607,0.014485564331972026,0.015111967177156833,0.01499032243955721,0.01336447510888681,0.016114070197841345,0.01336447510888681,0.016552815479618163,0.012966204861188498,0.013139090442675826,0.014344139803439453,0.012118168960996857,0.014888757363421079,0.012118168960996857,0.015281591810567617,0.012016992148711377,0.011521363118932183,0.013281668644532951,0.011272959458279198,0.013661419835788339,0.011272959458279198,0.013989106408896283,0.011015999359711714,0.010864059641949881,0.011336947989217559,0.009864472925275798,0.011546826526892918,0.009864472925275798,0.011886150790542527,0.009809880388299157,0.007948968555236057,0.010361260903348966,0.008997652650913873,0.010596272864350307,0.008997652650913873,0.010881469137933315,0.008812138700249257,0.007344114407306976
thyroid,684,20757,0.0038537694685785557,0.003969203990339761,0.0038805700461181833,0.9618248560857909,0.02021820958055015,0.01794511048671758,0.021074790295789816,0.01794511048671758,0.022862416803935595,0.018559358024950647,0.017989242761536135,0.019369083532384822,0.016223549026836405,0.019534843255974113,0.016223549026836405,0.021126566810557197,0.016511584404921315,0.01634121369668503,0.018215886949337175,0.014826403417011795,0.017908336425558807,0.014826403417011795,0.0190714443489072,0.015109504874731188,0.01564887745185996,0.017276849765897394,0.013732590299334255,0.016610412068982203,0.013732590299334255,0.017822665999701965,0.01387037814978392,0.014754693705229869,0.01560892811161631,0.01232263095189214,0.01515909285131299,0.01232263095189214,0.016094906651088557,0.012726726504446504,0.01340013745353963,0.013536585883910657,0.010892238169109052,0.013135567654868915,0.010892238169109052,0.014111089219710882,0.01168223934745898,0.012140876070446586
esophagus_muscularis,561,19407,0.0047496039119385314,0.004845374934955557,0.0046328594035386205,0.9917342436876497,0.023840796926025736,0.02288452650183783,0.024001923259344356,0.02288452650183783,0.026132989660901107,0.02269357857773329,0.023328648406886938,0.021472066017141175,0.02053973313712765,0.020945626779971326,0.02053973313712765,0.02303711683104675,0.020342714597822966,0.020470112868895746,0.020830221303361658,0.019072776166879832,0.02005079879561497,0.019072776166879832,0.021815495212059006,0.01899599377823416,0.020340980801426822,0.0193484128459405,0.017340376246765366,0.018207284727213786,0.017340376246765366,0.01977288215775707,0.0174011149103625,0.018897664218820834,0.017187545105026198,0.015186381492621899,0.016975018058734595,0.015186381492621899,0.017998509362895192,0.015412683308268253,0.01807002899165951,0.015063220746645187,0.01329053879245833,0.014341894098679503,0.01329053879245833,0.015466414967156509,0.013665479016451732,0.015901193787937456
pituitary,313,21942,0.0038468514432234285,0.004022391042294943,0.003655267002265206,0.9885912601126482,0.019098919908983113,0.01711745614092071,0.020678804314788014,0.01711745614092071,0.022469877172477788,0.017736329273657172,0.018992206439545484,0.0187981033912475,0.015086789901016433,0.019219039617540387,0.015086789901016433,0.020902450363854557,0.015473401107046576,0.017297862500929132,0.0178880037923178,0.0140148659404303,0.018002416059278107,0.0140148659404303,0.019203944426132578,0.014423310472579106,0.016304009187940203,0.01684753121421376,0.01305024801149044,0.016508515140017013,0.01305024801149044,0.017670886998411236,0.013737697467000584,0.01557775307904834,0.01548551624383817,0.011542674536253747,0.015191917937044294,0.011542674536253747,0.0162326547752399,0.012239995512060712,0.014346501448882465,0.01278760444496197,0.010311286954841589,0.012632756106289701,0.010311286954841589,0.013489392483456332,0.010880742956558597,0.012020816408162367
whole_blood,803,16067,0.02004589608510178,0.020371922993389913,0.019920502824803565,0.9891650403762614,0.037200903090555966,0.04255997396010971,0.04056105380121376,0.04255997396010971,0.04156620949719481,0.04165400010473482,0.03535247312690477,0.03700696220026338,0.03792589727633602,0.037938556213214174,0.03792589727633602,0.039345330037667235,0.03712475340344121,0.034080168266655976,0.03449930146347068,0.03460791184558572,0.033772613237615025,0.03460791184558572,0.03526232141234749,0.03466185170801725,0.029139106360455115,0.032303656709503956,0.03181903654644256,0.03045750523301518,0.03181903654644256,0.03221497147088526,0.032357562780352685,0.027786876776318612,0.029026391934469573,0.02691045336831922,0.027721102742702577,0.02691045336831922,0.02916893798776135,0.027846244951926086,0.02526769996207396,0.02347558513774261,0.023993023191323938,0.021889892147807035,0.023993023191323938,0.02323441056729651,0.026140274610743464,0.021152008496302298
