orientation,dist_bin,n_pairs,mean_r,tissue,random_pair_floor
convergent,overlap,2045,0.1989174028199051,adipose_subcutaneous,0.0034750079385737565
convergent,0-1kb,402,0.10880395473878855,adipose_subcutaneous,0.0034750079385737565
convergent,1-5kb,626,0.11736807453698958,adipose_subcutaneous,0.0034750079385737565
convergent,5-20kb,802,0.10502350628391402,adipose_subcutaneous,0.0034750079385737565
convergent,20-100kb,949,0.0748841576737259,adipose_subcutaneous,0.0034750079385737565
convergent,100-500kb,594,0.05034080310442934,adipose_subcutaneous,0.0034750079385737565
convergent,>500kb,255,0.016855409459761578,adipose_subcutaneous,0.0034750079385737565
divergent,overlap,1977,0.24353013936491688,adipose_subcutaneous,0.0034750079385737565
divergent,0-1kb,1133,0.1585128760646232,adipose_subcutaneous,0.0034750079385737565
divergent,1-5kb,268,0.1987744767840186,adipose_subcutaneous,0.0034750079385737565
divergent,5-20kb,528,0.14089986342293365,adipose_subcutaneous,0.0034750079385737565
divergent,20-100kb,1062,0.08745940679849756,adipose_subcutaneous,0.0034750079385737565
divergent,100-500kb,581,0.07052969926990596,adipose_subcutaneous,0.0034750079385737565
divergent,>500kb,127,0.008318192489863362,adipose_subcutaneous,0.0034750079385737565
tandem,overlap,910,0.2774418535061345,adipose_subcutaneous,0.0034750079385737565
tandem,0-1kb,529,0.1966824384792857,adipose_subcutaneous,0.0034750079385737565
tandem,1-5kb,1302,0.1905513424577575,adipose_subcutaneous,0.0034750079385737565
tandem,5-20kb,1994,0.14654421417047717,adipose_subcutaneous,0.0034750079385737565
tandem,20-100kb,2553,0.1187931666208077,adipose_subcutaneous,0.0034750079385737565
tandem,100-500kb,1278,0.05828863085105126,adipose_subcutaneous,0.0034750079385737565
tandem,>500kb,348,0.01909511971556147,adipose_subcutaneous,0.0034750079385737565
convergent,overlap,2023,0.2049172886221528,adipose_visceral_omentum,0.0020114876180692084
convergent,0-1kb,415,0.11591840115838582,adipose_visceral_omentum,0.0020114876180692084
convergent,1-5kb,628,0.11295476917221452,adipose_visceral_omentum,0.0020114876180692084
convergent,5-20kb,791,0.10852906877016166,adipose_visceral_omentum,0.0020114876180692084
convergent,20-100kb,954,0.07160558392529581,adipose_visceral_omentum,0.0020114876180692084
convergent,100-500kb,575,0.04259173753777266,adipose_visceral_omentum,0.0020114876180692084
convergent,>500kb,241,0.007900698803775866,adipose_visceral_omentum,0.0020114876180692084
divergent,overlap,1919,0.23915550480389475,adipose_visceral_omentum,0.0020114876180692084
divergent,0-1kb,1114,0.17672088136804942,adipose_visceral_omentum,0.0020114876180692084
divergent,1-5kb,267,0.20197668927576434,adipose_visceral_omentum,0.0020114876180692084
divergent,5-20kb,531,0.14999416907006563,adipose_visceral_omentum,0.0020114876180692084
divergent,20-100kb,1072,0.09533006979424288,adipose_visceral_omentum,0.0020114876180692084
divergent,100-500kb,604,0.07369875555888783,adipose_visceral_omentum,0.0020114876180692084
divergent,>500kb,121,0.01691386427968314,adipose_visceral_omentum,0.0020114876180692084
tandem,overlap,898,0.2840096588648712,adipose_visceral_omentum,0.0020114876180692084
tandem,0-1kb,529,0.20471152092888178,adipose_visceral_omentum,0.0020114876180692084
tandem,1-5kb,1324,0.20325533425706355,adipose_visceral_omentum,0.0020114876180692084
tandem,5-20kb,2022,0.15725663993143035,adipose_visceral_omentum,0.0020114876180692084
tandem,20-100kb,2578,0.12027099576284396,adipose_visceral_omentum,0.0020114876180692084
tandem,100-500kb,1263,0.06348228702175118,adipose_visceral_omentum,0.0020114876180692084
tandem,>500kb,343,0.012763299036383657,adipose_visceral_omentum,0.0020114876180692084
convergent,overlap,1947,0.17107378696110084,adrenal_gland,0.00047390976069252395
convergent,0-1kb,414,0.09194661969060412,adrenal_gland,0.00047390976069252395
convergent,1-5kb,638,0.1306721077975767,adrenal_gland,0.00047390976069252395
convergent,5-20kb,791,0.10991646099172515,adrenal_gland,0.00047390976069252395
convergent,20-100kb,973,0.0746109560046142,adrenal_gland,0.00047390976069252395
convergent,100-500kb,552,0.043756799773495725,adrenal_gland,0.00047390976069252395
convergent,>500kb,268,-0.0009008311738947123,adrenal_gland,0.00047390976069252395
divergent,overlap,1936,0.22153022673128164,adrenal_gland,0.00047390976069252395
divergent,0-1kb,1154,0.18562619963678495,adrenal_gland,0.00047390976069252395
divergent,1-5kb,277,0.1925660395278546,adrenal_gland,0.00047390976069252395
divergent,5-20kb,513,0.14470432801139438,adrenal_gland,0.00047390976069252395
divergent,20-100kb,1027,0.11921400685541719,adrenal_gland,0.00047390976069252395
divergent,100-500kb,545,0.05199291382538857,adrenal_gland,0.00047390976069252395
divergent,>500kb,134,0.020837092943236202,adrenal_gland,0.00047390976069252395
tandem,overlap,841,0.23670368465664818,adrenal_gland,0.00047390976069252395
tandem,0-1kb,520,0.20256179792215687,adrenal_gland,0.00047390976069252395
tandem,1-5kb,1299,0.177335669407518,adrenal_gland,0.00047390976069252395
tandem,5-20kb,2002,0.13572470857088875,adrenal_gland,0.00047390976069252395
tandem,20-100kb,2499,0.1044786870873567,adrenal_gland,0.00047390976069252395
tandem,100-500kb,1203,0.0568504738854489,adrenal_gland,0.00047390976069252395
tandem,>500kb,362,0.02720369843004556,adrenal_gland,0.00047390976069252395
convergent,overlap,1918,0.16268666927796657,artery_aorta,0.0022970221813846826
convergent,0-1kb,400,0.10768450678373036,artery_aorta,0.0022970221813846826
convergent,1-5kb,613,0.10738113520196688,artery_aorta,0.0022970221813846826
convergent,5-20kb,751,0.0923921445657251,artery_aorta,0.0022970221813846826
convergent,20-100kb,897,0.07615266306674165,artery_aorta,0.0022970221813846826
convergent,100-500kb,584,0.0542769302731288,artery_aorta,0.0022970221813846826
convergent,>500kb,240,0.027504510532239367,artery_aorta,0.0022970221813846826
divergent,overlap,1842,0.2014292947612201,artery_aorta,0.0022970221813846826
divergent,0-1kb,1114,0.138900268783697,artery_aorta,0.0022970221813846826
divergent,1-5kb,254,0.1806263078657162,artery_aorta,0.0022970221813846826
divergent,5-20kb,479,0.11614425829591632,artery_aorta,0.0022970221813846826
divergent,20-100kb,1020,0.09653903994145066,artery_aorta,0.0022970221813846826
divergent,100-500kb,568,0.06079596452138207,artery_aorta,0.0022970221813846826
divergent,>500kb,130,0.04348751944714414,artery_aorta,0.0022970221813846826
tandem,overlap,858,0.2427492538075929,artery_aorta,0.0022970221813846826
tandem,0-1kb,515,0.20676901249734533,artery_aorta,0.0022970221813846826
tandem,1-5kb,1278,0.17107846084979617,artery_aorta,0.0022970221813846826
tandem,5-20kb,1964,0.14496132734684328,artery_aorta,0.0022970221813846826
tandem,20-100kb,2554,0.11943240997274979,artery_aorta,0.0022970221813846826
tandem,100-500kb,1232,0.06874098704361031,artery_aorta,0.0022970221813846826
tandem,>500kb,377,0.011918673470723416,artery_aorta,0.0022970221813846826
convergent,overlap,1989,0.1885557563720742,artery_coronary,0.006845091729219022
convergent,0-1kb,412,0.12748629961157354,artery_coronary,0.006845091729219022
convergent,1-5kb,633,0.12437315524260395,artery_coronary,0.006845091729219022
convergent,5-20kb,781,0.09846834082988906,artery_coronary,0.006845091729219022
convergent,20-100kb,930,0.08602024558470643,artery_coronary,0.006845091729219022
convergent,100-500kb,578,0.05958099741125042,artery_coronary,0.006845091729219022
convergent,>500kb,236,0.022805695563002566,artery_coronary,0.006845091729219022
divergent,overlap,1923,0.22766342040835907,artery_coronary,0.006845091729219022
divergent,0-1kb,1135,0.15643639287882163,artery_coronary,0.006845091729219022
divergent,1-5kb,267,0.20458011544231203,artery_coronary,0.006845091729219022
divergent,5-20kb,505,0.13662554345991826,artery_coronary,0.006845091729219022
divergent,20-100kb,1037,0.10296199246553366,artery_coronary,0.006845091729219022
divergent,100-500kb,575,0.06906750985719105,artery_coronary,0.006845091729219022
divergent,>500kb,121,0.020343764809295898,artery_coronary,0.006845091729219022
tandem,overlap,859,0.2803456302972693,artery_coronary,0.006845091729219022
tandem,0-1kb,529,0.22422176299032154,artery_coronary,0.006845091729219022
tandem,1-5kb,1296,0.19259982012613985,artery_coronary,0.006845091729219022
tandem,5-20kb,2016,0.1537060713805801,artery_coronary,0.006845091729219022
tandem,20-100kb,2594,0.1298064280946873,artery_coronary,0.006845091729219022
tandem,100-500kb,1242,0.06765590509485736,artery_coronary,0.006845091729219022
tandem,>500kb,369,0.01380983506550404,artery_coronary,0.006845091729219022
convergent,overlap,1885,0.18946746170069972,artery_tibial,0.0043341150998775484
convergent,0-1kb,397,0.12261996861758717,artery_tibial,0.0043341150998775484
convergent,1-5kb,594,0.1061585138167498,artery_tibial,0.0043341150998775484
convergent,5-20kb,711,0.1091331374809541,artery_tibial,0.0043341150998775484
convergent,20-100kb,872,0.06884033235388577,artery_tibial,0.0043341150998775484
convergent,100-500kb,587,0.06169690412746636,artery_tibial,0.0043341150998775484
convergent,>500kb,244,0.025666345679306188,artery_tibial,0.0043341150998775484
divergent,overlap,1795,0.22692910947958167,artery_tibial,0.0043341150998775484
divergent,0-1kb,1095,0.1604381031472305,artery_tibial,0.0043341150998775484
divergent,1-5kb,238,0.19950984530301918,artery_tibial,0.0043341150998775484
divergent,5-20kb,464,0.11701584283033611,artery_tibial,0.0043341150998775484
divergent,20-100kb,983,0.10930784617490699,artery_tibial,0.0043341150998775484
divergent,100-500kb,585,0.07067087323102685,artery_tibial,0.0043341150998775484
divergent,>500kb,134,0.037059791900083516,artery_tibial,0.0043341150998775484
tandem,overlap,797,0.2606784194522324,artery_tibial,0.0043341150998775484
tandem,0-1kb,512,0.21516672764909786,artery_tibial,0.0043341150998775484
tandem,1-5kb,1251,0.17864983637954462,artery_tibial,0.0043341150998775484
tandem,5-20kb,1910,0.15185274998292606,artery_tibial,0.0043341150998775484
tandem,20-100kb,2492,0.11157348234226026,artery_tibial,0.0043341150998775484
tandem,100-500kb,1238,0.06673334747255891,artery_tibial,0.0043341150998775484
tandem,>500kb,372,0.020074157533967556,artery_tibial,0.0043341150998775484
convergent,overlap,2009,0.1389795515013695,brain_caudate_basal_ganglia,0.003513606516531829
convergent,0-1kb,440,0.09792358879181833,brain_caudate_basal_ganglia,0.003513606516531829
convergent,1-5kb,692,0.10828969627795267,brain_caudate_basal_ganglia,0.003513606516531829
convergent,5-20kb,862,0.08378975426083396,brain_caudate_basal_ganglia,0.003513606516531829
convergent,20-100kb,1029,0.05865370290674747,brain_caudate_basal_ganglia,0.003513606516531829
convergent,100-500kb,657,0.03676383427662508,brain_caudate_basal_ganglia,0.003513606516531829
convergent,>500kb,252,0.055474800142319466,brain_caudate_basal_ganglia,0.003513606516531829
divergent,overlap,2066,0.18665469011079397,brain_caudate_basal_ganglia,0.003513606516531829
divergent,0-1kb,1253,0.14192386029433984,brain_caudate_basal_ganglia,0.003513606516531829
divergent,1-5kb,318,0.13890812853555498,brain_caudate_basal_ganglia,0.003513606516531829
divergent,5-20kb,555,0.11635923558452241,brain_caudate_basal_ganglia,0.003513606516531829
divergent,20-100kb,1069,0.06904927399848382,brain_caudate_basal_ganglia,0.003513606516531829
divergent,100-500kb,553,0.07090448110654346,brain_caudate_basal_ganglia,0.003513606516531829
divergent,>500kb,130,0.01121928143564126,brain_caudate_basal_ganglia,0.003513606516531829
tandem,overlap,811,0.21983797050896348,brain_caudate_basal_ganglia,0.003513606516531829
tandem,0-1kb,552,0.14832207367201589,brain_caudate_basal_ganglia,0.003513606516531829
tandem,1-5kb,1401,0.1635253291082968,brain_caudate_basal_ganglia,0.003513606516531829
tandem,5-20kb,2151,0.12587881777836565,brain_caudate_basal_ganglia,0.003513606516531829
tandem,20-100kb,2622,0.10344011583944522,brain_caudate_basal_ganglia,0.003513606516531829
tandem,100-500kb,1249,0.06475105374730027,brain_caudate_basal_ganglia,0.003513606516531829
tandem,>500kb,317,0.05075709573183489,brain_caudate_basal_ganglia,0.003513606516531829
convergent,overlap,2104,0.16767661977784873,brain_cerebellar_hemisphere,0.007954965447005463
convergent,0-1kb,456,0.11597142107416057,brain_cerebellar_hemisphere,0.007954965447005463
convergent,1-5kb,707,0.10161551469076148,brain_cerebellar_hemisphere,0.007954965447005463
convergent,5-20kb,866,0.08598450590222764,brain_cerebellar_hemisphere,0.007954965447005463
convergent,20-100kb,1004,0.07084680913950599,brain_cerebellar_hemisphere,0.007954965447005463
convergent,100-500kb,636,0.02757113884323914,brain_cerebellar_hemisphere,0.007954965447005463
convergent,>500kb,240,0.025332699732658743,brain_cerebellar_hemisphere,0.007954965447005463
divergent,overlap,2114,0.18523703184225657,brain_cerebellar_hemisphere,0.007954965447005463
divergent,0-1kb,1223,0.11853224380181195,brain_cerebellar_hemisphere,0.007954965447005463
divergent,1-5kb,341,0.1550637129118213,brain_cerebellar_hemisphere,0.007954965447005463
divergent,5-20kb,569,0.09901222514352474,brain_cerebellar_hemisphere,0.007954965447005463
divergent,20-100kb,1056,0.07809964999196539,brain_cerebellar_hemisphere,0.007954965447005463
divergent,100-500kb,559,0.06065488033352103,brain_cerebellar_hemisphere,0.007954965447005463
divergent,>500kb,152,0.02364761629067555,brain_cerebellar_hemisphere,0.007954965447005463
tandem,overlap,920,0.1937715108714589,brain_cerebellar_hemisphere,0.007954965447005463
tandem,0-1kb,577,0.1990262178513992,brain_cerebellar_hemisphere,0.007954965447005463
tandem,1-5kb,1419,0.1514213999314609,brain_cerebellar_hemisphere,0.007954965447005463
tandem,5-20kb,2135,0.1182640315490189,brain_cerebellar_hemisphere,0.007954965447005463
tandem,20-100kb,2517,0.09160279878445386,brain_cerebellar_hemisphere,0.007954965447005463
tandem,100-500kb,1233,0.06022470903270077,brain_cerebellar_hemisphere,0.007954965447005463
tandem,>500kb,350,0.027668721145113647,brain_cerebellar_hemisphere,0.007954965447005463
convergent,overlap,2026,0.12620247104946092,brain_frontal_cortex_ba9,0.002567568810918844
convergent,0-1kb,441,0.09626702431741797,brain_frontal_cortex_ba9,0.002567568810918844
convergent,1-5kb,696,0.09144644455604174,brain_frontal_cortex_ba9,0.002567568810918844
convergent,5-20kb,887,0.07902747983103608,brain_frontal_cortex_ba9,0.002567568810918844
convergent,20-100kb,1011,0.052325267989089354,brain_frontal_cortex_ba9,0.002567568810918844
convergent,100-500kb,666,0.03588947150118723,brain_frontal_cortex_ba9,0.002567568810918844
convergent,>500kb,250,0.038647553543405856,brain_frontal_cortex_ba9,0.002567568810918844
divergent,overlap,2073,0.17351394754999203,brain_frontal_cortex_ba9,0.002567568810918844
divergent,0-1kb,1253,0.14383349453378985,brain_frontal_cortex_ba9,0.002567568810918844
divergent,1-5kb,310,0.12749527344838757,brain_frontal_cortex_ba9,0.002567568810918844
divergent,5-20kb,553,0.08619920005540602,brain_frontal_cortex_ba9,0.002567568810918844
divergent,20-100kb,1084,0.07374230370419779,brain_frontal_cortex_ba9,0.002567568810918844
divergent,100-500kb,588,0.05419572147209263,brain_frontal_cortex_ba9,0.002567568810918844
divergent,>500kb,118,0.0871144076322691,brain_frontal_cortex_ba9,0.002567568810918844
tandem,overlap,792,0.19193088062276376,brain_frontal_cortex_ba9,0.002567568810918844
tandem,0-1kb,547,0.14296866375611259,brain_frontal_cortex_ba9,0.002567568810918844
tandem,1-5kb,1406,0.14537065742512043,brain_frontal_cortex_ba9,0.002567568810918844
tandem,5-20kb,2128,0.11604607299250834,brain_frontal_cortex_ba9,0.002567568810918844
tandem,20-100kb,2639,0.09264949972222605,brain_frontal_cortex_ba9,0.002567568810918844
tandem,100-500kb,1282,0.056121062104989586,brain_frontal_cortex_ba9,0.002567568810918844
tandem,>500kb,313,0.04368677598845019,brain_frontal_cortex_ba9,0.002567568810918844
convergent,overlap,1752,0.1609833103908031,cells_cultured_fibroblasts,0.004302277302758433
convergent,0-1kb,361,0.09812120785270834,cells_cultured_fibroblasts,0.004302277302758433
convergent,1-5kb,550,0.08818195625765907,cells_cultured_fibroblasts,0.004302277302758433
convergent,5-20kb,661,0.08867787559370587,cells_cultured_fibroblasts,0.004302277302758433
convergent,20-100kb,866,0.04994620040596245,cells_cultured_fibroblasts,0.004302277302758433
convergent,100-500kb,629,0.055278827064224594,cells_cultured_fibroblasts,0.004302277302758433
convergent,>500kb,262,0.023630126310711753,cells_cultured_fibroblasts,0.004302277302758433
divergent,overlap,1718,0.21009053155386112,cells_cultured_fibroblasts,0.004302277302758433
divergent,0-1kb,1051,0.1622953249460474,cells_cultured_fibroblasts,0.004302277302758433
divergent,1-5kb,241,0.19254396513887834,cells_cultured_fibroblasts,0.004302277302758433
divergent,5-20kb,443,0.09988462614161663,cells_cultured_fibroblasts,0.004302277302758433
divergent,20-100kb,916,0.07761930519197181,cells_cultured_fibroblasts,0.004302277302758433
divergent,100-500kb,568,0.06273140277269147,cells_cultured_fibroblasts,0.004302277302758433
divergent,>500kb,149,0.05438687722898829,cells_cultured_fibroblasts,0.004302277302758433
tandem,overlap,745,0.23019329129305374,cells_cultured_fibroblasts,0.004302277302758433
tandem,0-1kb,467,0.14830844810357743,cells_cultured_fibroblasts,0.004302277302758433
tandem,1-5kb,1101,0.14095383784927393,cells_cultured_fibroblasts,0.004302277302758433
tandem,5-20kb,1688,0.11754700632415804,cells_cultured_fibroblasts,0.004302277302758433
tandem,20-100kb,2183,0.09499479900477241,cells_cultured_fibroblasts,0.004302277302758433
tandem,100-500kb,1156,0.060884462997469004,cells_cultured_fibroblasts,0.004302277302758433
tandem,>500kb,406,0.030539101335093348,cells_cultured_fibroblasts,0.004302277302758433
convergent,overlap,1894,0.21808149576551736,cells_ebv-transformed_lymphocytes,0.009897943358892816
convergent,0-1kb,367,0.1496344305644444,cells_ebv-transformed_lymphocytes,0.009897943358892816
convergent,1-5kb,584,0.12755062177436186,cells_ebv-transformed_lymphocytes,0.009897943358892816
convergent,5-20kb,699,0.1342647721027642,cells_ebv-transformed_lymphocytes,0.009897943358892816
convergent,20-100kb,895,0.09271453116798015,cells_ebv-transformed_lymphocytes,0.009897943358892816
convergent,100-500kb,545,0.05434425693022788,cells_ebv-transformed_lymphocytes,0.009897943358892816
convergent,>500kb,294,0.031776287723469424,cells_ebv-transformed_lymphocytes,0.009897943358892816
divergent,overlap,1819,0.28253350554336726,cells_ebv-transformed_lymphocytes,0.009897943358892816
divergent,0-1kb,1104,0.24091459414330577,cells_ebv-transformed_lymphocytes,0.009897943358892816
divergent,1-5kb,274,0.24447977784123892,cells_ebv-transformed_lymphocytes,0.009897943358892816
divergent,5-20kb,523,0.1849500104545882,cells_ebv-transformed_lymphocytes,0.009897943358892816
divergent,20-100kb,920,0.13815118872377438,cells_ebv-transformed_lymphocytes,0.009897943358892816
divergent,100-500kb,501,0.09348129543265585,cells_ebv-transformed_lymphocytes,0.009897943358892816
divergent,>500kb,143,0.011732614466162477,cells_ebv-transformed_lymphocytes,0.009897943358892816
tandem,overlap,884,0.26344244074373147,cells_ebv-transformed_lymphocytes,0.009897943358892816
tandem,0-1kb,489,0.2310450863406522,cells_ebv-transformed_lymphocytes,0.009897943358892816
tandem,1-5kb,1159,0.20970776590526782,cells_ebv-transformed_lymphocytes,0.009897943358892816
tandem,5-20kb,1849,0.1803589602069363,cells_ebv-transformed_lymphocytes,0.009897943358892816
tandem,20-100kb,2270,0.13118493776442364,cells_ebv-transformed_lymphocytes,0.009897943358892816
tandem,100-500kb,1107,0.0720577141405112,cells_ebv-transformed_lymphocytes,0.009897943358892816
tandem,>500kb,409,0.015657944459360057,cells_ebv-transformed_lymphocytes,0.009897943358892816
convergent,overlap,2024,0.18287655960956434,colon_sigmoid,0.006467181492143937
convergent,0-1kb,422,0.10843158434054344,colon_sigmoid,0.006467181492143937
convergent,1-5kb,662,0.10808953248535336,colon_sigmoid,0.006467181492143937
convergent,5-20kb,807,0.10288614909948925,colon_sigmoid,0.006467181492143937
convergent,20-100kb,960,0.062241254149489736,colon_sigmoid,0.006467181492143937
convergent,100-500kb,557,0.03614008749354796,colon_sigmoid,0.006467181492143937
convergent,>500kb,242,0.0140460369194879,colon_sigmoid,0.006467181492143937
divergent,overlap,1950,0.22329780795979232,colon_sigmoid,0.006467181492143937
divergent,0-1kb,1136,0.1501311866407158,colon_sigmoid,0.006467181492143937
divergent,1-5kb,288,0.19544659174645662,colon_sigmoid,0.006467181492143937
divergent,5-20kb,542,0.11162518369970902,colon_sigmoid,0.006467181492143937
divergent,20-100kb,1055,0.08418223290754973,colon_sigmoid,0.006467181492143937
divergent,100-500kb,574,0.07222745386380368,colon_sigmoid,0.006467181492143937
divergent,>500kb,131,0.03253349918299495,colon_sigmoid,0.006467181492143937
tandem,overlap,873,0.25936633508124984,colon_sigmoid,0.006467181492143937
tandem,0-1kb,531,0.21223781468180658,colon_sigmoid,0.006467181492143937
tandem,1-5kb,1341,0.18929454060460313,colon_sigmoid,0.006467181492143937
tandem,5-20kb,2008,0.14026947339579598,colon_sigmoid,0.006467181492143937
tandem,20-100kb,2587,0.10213418520534642,colon_sigmoid,0.006467181492143937
tandem,100-500kb,1246,0.0624854892179617,colon_sigmoid,0.006467181492143937
tandem,>500kb,342,0.02395805861989562,colon_sigmoid,0.006467181492143937
convergent,overlap,2104,0.21574972963983055,colon_transverse,0.01719065006549239
convergent,0-1kb,435,0.09252079670331971,colon_transverse,0.01719065006549239
convergent,1-5kb,698,0.13896104133043316,colon_transverse,0.01719065006549239
convergent,5-20kb,865,0.12767794512969893,colon_transverse,0.01719065006549239
convergent,20-100kb,1000,0.09640015603771591,colon_transverse,0.01719065006549239
convergent,100-500kb,568,0.05168270625912242,colon_transverse,0.01719065006549239
convergent,>500kb,228,0.018254997905395486,colon_transverse,0.01719065006549239
divergent,overlap,2037,0.28000922115677446,colon_transverse,0.01719065006549239
divergent,0-1kb,1164,0.20413973985254297,colon_transverse,0.01719065006549239
divergent,1-5kb,290,0.24184466998772863,colon_transverse,0.01719065006549239
divergent,5-20kb,580,0.14170841608554177,colon_transverse,0.01719065006549239
divergent,20-100kb,1117,0.09845074474159046,colon_transverse,0.01719065006549239
divergent,100-500kb,589,0.05408109034835394,colon_transverse,0.01719065006549239
divergent,>500kb,126,0.04653087773854062,colon_transverse,0.01719065006549239
tandem,overlap,892,0.29969859204350735,colon_transverse,0.01719065006549239
tandem,0-1kb,547,0.2506851171397862,colon_transverse,0.01719065006549239
tandem,1-5kb,1406,0.22645563540556513,colon_transverse,0.01719065006549239
tandem,5-20kb,2187,0.1991179238702423,colon_transverse,0.01719065006549239
tandem,20-100kb,2665,0.12799987662306272,colon_transverse,0.01719065006549239
tandem,100-500kb,1243,0.07825787638519564,colon_transverse,0.01719065006549239
tandem,>500kb,342,0.051701523611946645,colon_transverse,0.01719065006549239
convergent,overlap,1982,0.176708185573831,esophagus_gastroesophageal_junction,0.0030659834291062436
convergent,0-1kb,412,0.10535676908188145,esophagus_gastroesophageal_junction,0.0030659834291062436
convergent,1-5kb,644,0.09562614197618191,esophagus_gastroesophageal_junction,0.0030659834291062436
convergent,5-20kb,789,0.09058926754002831,esophagus_gastroesophageal_junction,0.0030659834291062436
convergent,20-100kb,950,0.07099288661881376,esophagus_gastroesophageal_junction,0.0030659834291062436
convergent,100-500kb,562,0.06201694021179918,esophagus_gastroesophageal_junction,0.0030659834291062436
convergent,>500kb,239,0.031091604112955643,esophagus_gastroesophageal_junction,0.0030659834291062436
divergent,overlap,1925,0.2066961342878089,esophagus_gastroesophageal_junction,0.0030659834291062436
divergent,0-1kb,1124,0.14131508888176073,esophagus_gastroesophageal_junction,0.0030659834291062436
divergent,1-5kb,267,0.14686781183116324,esophagus_gastroesophageal_junction,0.0030659834291062436
divergent,5-20kb,514,0.1260689674044094,esophagus_gastroesophageal_junction,0.0030659834291062436
divergent,20-100kb,1033,0.07542097225727892,esophagus_gastroesophageal_junction,0.0030659834291062436
divergent,100-500kb,578,0.07094615874026275,esophagus_gastroesophageal_junction,0.0030659834291062436
divergent,>500kb,139,0.022740236720999715,esophagus_gastroesophageal_junction,0.0030659834291062436
tandem,overlap,862,0.25498443109189417,esophagus_gastroesophageal_junction,0.0030659834291062436
tandem,0-1kb,520,0.18635677482388785,esophagus_gastroesophageal_junction,0.0030659834291062436
tandem,1-5kb,1316,0.17679764925519686,esophagus_gastroesophageal_junction,0.0030659834291062436
tandem,5-20kb,1978,0.12675726594026016,esophagus_gastroesophageal_junction,0.0030659834291062436
tandem,20-100kb,2564,0.09376464030584171,esophagus_gastroesophageal_junction,0.0030659834291062436
tandem,100-500kb,1249,0.07031109544713882,esophagus_gastroesophageal_junction,0.0030659834291062436
tandem,>500kb,343,0.007106164211742384,esophagus_gastroesophageal_junction,0.0030659834291062436
convergent,overlap,1983,0.18820587726129895,esophagus_mucosa,0.0030859787484532417
convergent,0-1kb,407,0.11674672739669625,esophagus_mucosa,0.0030859787484532417
convergent,1-5kb,632,0.11900668822707722,esophagus_mucosa,0.0030859787484532417
convergent,5-20kb,809,0.09144224504525317,esophagus_mucosa,0.0030859787484532417
convergent,20-100kb,946,0.07961342075074425,esophagus_mucosa,0.0030859787484532417
convergent,100-500kb,553,0.03617677124140177,esophagus_mucosa,0.0030859787484532417
convergent,>500kb,231,0.011751282800364325,esophagus_mucosa,0.0030859787484532417
divergent,overlap,1842,0.23261798138611514,esophagus_mucosa,0.0030859787484532417
divergent,0-1kb,1104,0.2032597092848048,esophagus_mucosa,0.0030859787484532417
divergent,1-5kb,274,0.24022397090599085,esophagus_mucosa,0.0030859787484532417
divergent,5-20kb,532,0.14743058984400112,esophagus_mucosa,0.0030859787484532417
divergent,20-100kb,1095,0.09054767659056005,esophagus_mucosa,0.0030859787484532417
divergent,100-500kb,583,0.07823423762533192,esophagus_mucosa,0.0030859787484532417
divergent,>500kb,132,0.018633091140374015,esophagus_mucosa,0.0030859787484532417
tandem,overlap,844,0.25177300510815687,esophagus_mucosa,0.0030859787484532417
tandem,0-1kb,534,0.2126002638327851,esophagus_mucosa,0.0030859787484532417
tandem,1-5kb,1305,0.188239729127234,esophagus_mucosa,0.0030859787484532417
tandem,5-20kb,2021,0.16425012172192743,esophagus_mucosa,0.0030859787484532417
tandem,20-100kb,2560,0.11138479072983176,esophagus_mucosa,0.0030859787484532417
tandem,100-500kb,1204,0.05323426863734888,esophagus_mucosa,0.0030859787484532417
tandem,>500kb,359,-0.013209320252661094,esophagus_mucosa,0.0030859787484532417
convergent,overlap,1913,0.17038836825418446,heart_atrial_appendage,0.0008895943424009718
convergent,0-1kb,401,0.1025037371112408,heart_atrial_appendage,0.0008895943424009718
convergent,1-5kb,620,0.09995591656905974,heart_atrial_appendage,0.0008895943424009718
convergent,5-20kb,756,0.07950271829839967,heart_atrial_appendage,0.0008895943424009718
convergent,20-100kb,927,0.056821363343072,heart_atrial_appendage,0.0008895943424009718
convergent,100-500kb,566,0.033391303841787734,heart_atrial_appendage,0.0008895943424009718
convergent,>500kb,241,0.012093386825035643,heart_atrial_appendage,0.0008895943424009718
divergent,overlap,1848,0.19415548251932857,heart_atrial_appendage,0.0008895943424009718
divergent,0-1kb,1089,0.1491773517216499,heart_atrial_appendage,0.0008895943424009718
divergent,1-5kb,261,0.1765905667293631,heart_atrial_appendage,0.0008895943424009718
divergent,5-20kb,488,0.10146554765103812,heart_atrial_appendage,0.0008895943424009718
divergent,20-100kb,1025,0.08329453307627689,heart_atrial_appendage,0.0008895943424009718
divergent,100-500kb,578,0.05548912682816983,heart_atrial_appendage,0.0008895943424009718
divergent,>500kb,136,0.020202666817455646,heart_atrial_appendage,0.0008895943424009718
tandem,overlap,811,0.24889777644793082,heart_atrial_appendage,0.0008895943424009718
tandem,0-1kb,524,0.1857964970836333,heart_atrial_appendage,0.0008895943424009718
tandem,1-5kb,1275,0.16695921360988958,heart_atrial_appendage,0.0008895943424009718
tandem,5-20kb,1951,0.12221600660146881,heart_atrial_appendage,0.0008895943424009718
tandem,20-100kb,2515,0.09630384213350494,heart_atrial_appendage,0.0008895943424009718
tandem,100-500kb,1230,0.06271554443460764,heart_atrial_appendage,0.0008895943424009718
tandem,>500kb,377,0.019651239318570084,heart_atrial_appendage,0.0008895943424009718
convergent,overlap,1716,0.15935994298579,heart_left_ventricle,-0.0009749335936502819
convergent,0-1kb,380,0.08334398351113866,heart_left_ventricle,-0.0009749335936502819
convergent,1-5kb,580,0.10668982623447379,heart_left_ventricle,-0.0009749335936502819
convergent,5-20kb,727,0.08785273225874905,heart_left_ventricle,-0.0009749335936502819
convergent,20-100kb,854,0.07770417097984518,heart_left_ventricle,-0.0009749335936502819
convergent,100-500kb,551,0.047601976939291704,heart_left_ventricle,-0.0009749335936502819
convergent,>500kb,237,-0.002087536578995282,heart_left_ventricle,-0.0009749335936502819
divergent,overlap,1657,0.19170694699619145,heart_left_ventricle,-0.0009749335936502819
divergent,0-1kb,1033,0.14080686108084145,heart_left_ventricle,-0.0009749335936502819
divergent,1-5kb,223,0.13713959429279532,heart_left_ventricle,-0.0009749335936502819
divergent,5-20kb,471,0.0878743720484346,heart_left_ventricle,-0.0009749335936502819
divergent,20-100kb,964,0.0870327552311771,heart_left_ventricle,-0.0009749335936502819
divergent,100-500kb,560,0.05531481027484781,heart_left_ventricle,-0.0009749335936502819
divergent,>500kb,139,0.04908899685081079,heart_left_ventricle,-0.0009749335936502819
tandem,overlap,689,0.24068747216422212,heart_left_ventricle,-0.0009749335936502819
tandem,0-1kb,499,0.18661340174932375,heart_left_ventricle,-0.0009749335936502819
tandem,1-5kb,1195,0.16530710088817124,heart_left_ventricle,-0.0009749335936502819
tandem,5-20kb,1853,0.11453586790610769,heart_left_ventricle,-0.0009749335936502819
tandem,20-100kb,2363,0.10069232817691488,heart_left_ventricle,-0.0009749335936502819
tandem,100-500kb,1214,0.062462228134302814,heart_left_ventricle,-0.0009749335936502819
tandem,>500kb,397,0.03785890286900959,heart_left_ventricle,-0.0009749335936502819
convergent,overlap,2040,0.17571592093269967,kidney_cortex,0.0019256368222988717
convergent,0-1kb,422,0.1302899014559907,kidney_cortex,0.0019256368222988717
convergent,1-5kb,681,0.11757060256300123,kidney_cortex,0.0019256368222988717
convergent,5-20kb,863,0.09994198272983044,kidney_cortex,0.0019256368222988717
convergent,20-100kb,993,0.06362660609618158,kidney_cortex,0.0019256368222988717
convergent,100-500kb,582,0.057733247275584265,kidney_cortex,0.0019256368222988717
convergent,>500kb,235,-0.003666639039905093,kidney_cortex,0.0019256368222988717
divergent,overlap,1988,0.21215346298215185,kidney_cortex,0.0019256368222988717
divergent,0-1kb,1179,0.16700181050966817,kidney_cortex,0.0019256368222988717
divergent,1-5kb,290,0.1904257211160128,kidney_cortex,0.0019256368222988717
divergent,5-20kb,551,0.14195026166848337,kidney_cortex,0.0019256368222988717
divergent,20-100kb,1105,0.09144582365977612,kidney_cortex,0.0019256368222988717
divergent,100-500kb,586,0.05897047538336985,kidney_cortex,0.0019256368222988717
divergent,>500kb,121,0.028865662093510512,kidney_cortex,0.0019256368222988717
tandem,overlap,882,0.26358285823897804,kidney_cortex,0.0019256368222988717
tandem,0-1kb,538,0.22552861813877054,kidney_cortex,0.0019256368222988717
tandem,1-5kb,1378,0.19833676841046313,kidney_cortex,0.0019256368222988717
tandem,5-20kb,2122,0.1489778636621745,kidney_cortex,0.0019256368222988717
tandem,20-100kb,2643,0.11813996577780729,kidney_cortex,0.0019256368222988717
tandem,100-500kb,1226,0.04556834305431287,kidney_cortex,0.0019256368222988717
tandem,>500kb,354,0.022409484407338018,kidney_cortex,0.0019256368222988717
convergent,overlap,1773,0.18108259617172864,liver,0.00485344560810392
convergent,0-1kb,393,0.0841786945631833,liver,0.00485344560810392
convergent,1-5kb,612,0.1318688257880615,liver,0.00485344560810392
convergent,5-20kb,746,0.11095637923619332,liver,0.00485344560810392
convergent,20-100kb,899,0.07375793105942909,liver,0.00485344560810392
convergent,100-500kb,527,0.053306472480762444,liver,0.00485344560810392
convergent,>500kb,256,-0.011962454466552716,liver,0.00485344560810392
divergent,overlap,1675,0.21608830863593298,liver,0.00485344560810392
divergent,0-1kb,1028,0.1687178853637266,liver,0.00485344560810392
divergent,1-5kb,261,0.18780546044831456,liver,0.00485344560810392
divergent,5-20kb,503,0.15349242572934596,liver,0.00485344560810392
divergent,20-100kb,1012,0.10392444577417362,liver,0.00485344560810392
divergent,100-500kb,588,0.06503467829488696,liver,0.00485344560810392
divergent,>500kb,141,0.02031568623368143,liver,0.00485344560810392
tandem,overlap,749,0.2790070041606333,liver,0.00485344560810392
tandem,0-1kb,504,0.20137899748400123,liver,0.00485344560810392
tandem,1-5kb,1240,0.19018146571257497,liver,0.00485344560810392
tandem,5-20kb,1936,0.14680540746343504,liver,0.00485344560810392
tandem,20-100kb,2374,0.11274658187576488,liver,0.00485344560810392
tandem,100-500kb,1149,0.04443558201913295,liver,0.00485344560810392
tandem,>500kb,383,0.008123264060683465,liver,0.00485344560810392
convergent,overlap,2173,0.22057784265216165,lung,0.00435606218654849
convergent,0-1kb,425,0.12015396916221249,lung,0.00435606218654849
convergent,1-5kb,686,0.12009495563432544,lung,0.00435606218654849
convergent,5-20kb,868,0.11240141763463542,lung,0.00435606218654849
convergent,20-100kb,969,0.07337874191617674,lung,0.00435606218654849
convergent,100-500kb,558,0.03773150797513733,lung,0.00435606218654849
convergent,>500kb,235,0.002553309631546805,lung,0.00435606218654849
divergent,overlap,2070,0.2501999989770094,lung,0.00435606218654849
divergent,0-1kb,1126,0.20041853686037686,lung,0.00435606218654849
divergent,1-5kb,302,0.21614252385656554,lung,0.00435606218654849
divergent,5-20kb,567,0.14511157070499262,lung,0.00435606218654849
divergent,20-100kb,1152,0.08251913721183562,lung,0.00435606218654849
divergent,100-500kb,568,0.06176675192051245,lung,0.00435606218654849
divergent,>500kb,129,0.0481643726491993,lung,0.00435606218654849
tandem,overlap,981,0.2931217588726517,lung,0.00435606218654849
tandem,0-1kb,561,0.23672116526976683,lung,0.00435606218654849
tandem,1-5kb,1411,0.2222384230013604,lung,0.00435606218654849
tandem,5-20kb,2218,0.16614788249646972,lung,0.00435606218654849
tandem,20-100kb,2729,0.11348446338377793,lung,0.00435606218654849
tandem,100-500kb,1243,0.06403055673873581,lung,0.00435606218654849
tandem,>500kb,346,0.039744043496780394,lung,0.00435606218654849
convergent,overlap,1646,0.17672961737482654,muscle_skeletal,0.0019164722801191002
convergent,0-1kb,388,0.0903548661478629,muscle_skeletal,0.0019164722801191002
convergent,1-5kb,546,0.11539067835497255,muscle_skeletal,0.0019164722801191002
convergent,5-20kb,689,0.08239971834059268,muscle_skeletal,0.0019164722801191002
convergent,20-100kb,841,0.06171958144071345,muscle_skeletal,0.0019164722801191002
convergent,100-500kb,565,0.04675794980264324,muscle_skeletal,0.0019164722801191002
convergent,>500kb,240,0.009919291318342384,muscle_skeletal,0.0019164722801191002
divergent,overlap,1581,0.2228778511101876,muscle_skeletal,0.0019164722801191002
divergent,0-1kb,1008,0.16823864686176018,muscle_skeletal,0.0019164722801191002
divergent,1-5kb,211,0.16632999578976146,muscle_skeletal,0.0019164722801191002
divergent,5-20kb,457,0.11916124876818686,muscle_skeletal,0.0019164722801191002
divergent,20-100kb,938,0.08064676824836606,muscle_skeletal,0.0019164722801191002
divergent,100-500kb,563,0.047347743899548766,muscle_skeletal,0.0019164722801191002
divergent,>500kb,161,0.03813567377159297,muscle_skeletal,0.0019164722801191002
tandem,overlap,630,0.2635396342190258,muscle_skeletal,0.0019164722801191002
tandem,0-1kb,491,0.20927937866468416,muscle_skeletal,0.0019164722801191002
tandem,1-5kb,1183,0.18232708968001124,muscle_skeletal,0.0019164722801191002
tandem,5-20kb,1751,0.1319940644237137,muscle_skeletal,0.0019164722801191002
tandem,20-100kb,2268,0.09354105159005806,muscle_skeletal,0.0019164722801191002
tandem,100-500kb,1177,0.05397118143421339,muscle_skeletal,0.0019164722801191002
tandem,>500kb,385,0.010262769169110236,muscle_skeletal,0.0019164722801191002
convergent,overlap,2195,0.19544432893537686,nerve_tibial,0.00024934910672593397
convergent,0-1kb,418,0.12081118698116261,nerve_tibial,0.00024934910672593397
convergent,1-5kb,669,0.10312550972278,nerve_tibial,0.00024934910672593397
convergent,5-20kb,859,0.10545779962864274,nerve_tibial,0.00024934910672593397
convergent,20-100kb,1011,0.07386778751058425,nerve_tibial,0.00024934910672593397
convergent,100-500kb,616,0.050367299727604765,nerve_tibial,0.00024934910672593397
convergent,>500kb,241,0.030596049226451847,nerve_tibial,0.00024934910672593397
divergent,overlap,2137,0.21863350301267825,nerve_tibial,0.00024934910672593397
divergent,0-1kb,1186,0.14308867609141548,nerve_tibial,0.00024934910672593397
divergent,1-5kb,311,0.18494185229018034,nerve_tibial,0.00024934910672593397
divergent,5-20kb,569,0.13124469993702004,nerve_tibial,0.00024934910672593397
divergent,20-100kb,1113,0.09373731337364792,nerve_tibial,0.00024934910672593397
divergent,100-500kb,579,0.08406606278555126,nerve_tibial,0.00024934910672593397
divergent,>500kb,119,0.043724490754933905,nerve_tibial,0.00024934910672593397
tandem,overlap,1032,0.2736547905360874,nerve_tibial,0.00024934910672593397
tandem,0-1kb,539,0.21456463600874665,nerve_tibial,0.00024934910672593397
tandem,1-5kb,1372,0.18494657901915829,nerve_tibial,0.00024934910672593397
tandem,5-20kb,2116,0.14848897062197186,nerve_tibial,0.00024934910672593397
tandem,20-100kb,2654,0.11166264650581872,nerve_tibial,0.00024934910672593397
tandem,100-500kb,1304,0.06400343523896726,nerve_tibial,0.00024934910672593397
tandem,>500kb,354,0.01990527637446298,nerve_tibial,0.00024934910672593397
convergent,overlap,1856,0.12472556091032407,pancreas,0.0034111395890938723
convergent,0-1kb,404,0.09669002270126481,pancreas,0.0034111395890938723
convergent,1-5kb,625,0.07963892192912785,pancreas,0.0034111395890938723
convergent,5-20kb,775,0.0715599322774455,pancreas,0.0034111395890938723
convergent,20-100kb,919,0.0596527359939622,pancreas,0.0034111395890938723
convergent,100-500kb,557,0.04066629647179629,pancreas,0.0034111395890938723
convergent,>500kb,231,0.0036326922533713754,pancreas,0.0034111395890938723
divergent,overlap,1763,0.14109395918907214,pancreas,0.0034111395890938723
divergent,0-1kb,1080,0.09816357653650394,pancreas,0.0034111395890938723
divergent,1-5kb,248,0.09808010936922205,pancreas,0.0034111395890938723
divergent,5-20kb,502,0.10636594904329781,pancreas,0.0034111395890938723
divergent,20-100kb,1056,0.0680233755445405,pancreas,0.0034111395890938723
divergent,100-500kb,577,0.052089664536175966,pancreas,0.0034111395890938723
divergent,>500kb,143,0.0531745607406591,pancreas,0.0034111395890938723
tandem,overlap,738,0.18096840007511972,pancreas,0.0034111395890938723
tandem,0-1kb,515,0.17632933780451468,pancreas,0.0034111395890938723
tandem,1-5kb,1265,0.14614751064782167,pancreas,0.0034111395890938723
tandem,5-20kb,1938,0.11563798092248345,pancreas,0.0034111395890938723
tandem,20-100kb,2419,0.0831590188586501,pancreas,0.0034111395890938723
tandem,100-500kb,1214,0.05369194298144937,pancreas,0.0034111395890938723
tandem,>500kb,370,0.013280979603061233,pancreas,0.0034111395890938723
convergent,overlap,2119,0.2029966849713557,skin_sun_exposed_lower_leg,0.0034815454626531918
convergent,0-1kb,415,0.09559620849208543,skin_sun_exposed_lower_leg,0.0034815454626531918
convergent,1-5kb,660,0.10518473446568812,skin_sun_exposed_lower_leg,0.0034815454626531918
convergent,5-20kb,847,0.10599997713368879,skin_sun_exposed_lower_leg,0.0034815454626531918
convergent,20-100kb,993,0.0763843685165886,skin_sun_exposed_lower_leg,0.0034815454626531918
convergent,100-500kb,585,0.052811671912184555,skin_sun_exposed_lower_leg,0.0034815454626531918
convergent,>500kb,217,0.014477338765020605,skin_sun_exposed_lower_leg,0.0034815454626531918
divergent,overlap,1997,0.22782085452671824,skin_sun_exposed_lower_leg,0.0034815454626531918
divergent,0-1kb,1136,0.17712337150076282,skin_sun_exposed_lower_leg,0.0034815454626531918
divergent,1-5kb,285,0.20032052237099307,skin_sun_exposed_lower_leg,0.0034815454626531918
divergent,5-20kb,558,0.1488148110670998,skin_sun_exposed_lower_leg,0.0034815454626531918
divergent,20-100kb,1153,0.0962686877978897,skin_sun_exposed_lower_leg,0.0034815454626531918
divergent,100-500kb,584,0.07769762450352612,skin_sun_exposed_lower_leg,0.0034815454626531918
divergent,>500kb,124,0.018531024120886093,skin_sun_exposed_lower_leg,0.0034815454626531918
tandem,overlap,932,0.26814771736109433,skin_sun_exposed_lower_leg,0.0034815454626531918
tandem,0-1kb,549,0.1985456263969458,skin_sun_exposed_lower_leg,0.0034815454626531918
tandem,1-5kb,1384,0.1816975045289603,skin_sun_exposed_lower_leg,0.0034815454626531918
tandem,5-20kb,2117,0.15993592464857884,skin_sun_exposed_lower_leg,0.0034815454626531918
tandem,20-100kb,2670,0.1069666382797994,skin_sun_exposed_lower_leg,0.0034815454626531918
tandem,100-500kb,1230,0.05126470859356111,skin_sun_exposed_lower_leg,0.0034815454626531918
tandem,>500kb,371,0.012302096950292203,skin_sun_exposed_lower_leg,0.0034815454626531918
convergent,overlap,2162,0.23984999097495505,small_intestine_terminal_ileum,0.013368841969563935
convergent,0-1kb,439,0.11580778682550552,small_intestine_terminal_ileum,0.013368841969563935
convergent,1-5kb,722,0.1439437865830853,small_intestine_terminal_ileum,0.013368841969563935
convergent,5-20kb,885,0.1452743495290773,small_intestine_terminal_ileum,0.013368841969563935
convergent,20-100kb,1041,0.0999886451268954,small_intestine_terminal_ileum,0.013368841969563935
convergent,100-500kb,567,0.06589890772961914,small_intestine_terminal_ileum,0.013368841969563935
convergent,>500kb,216,0.014729988682373891,small_intestine_terminal_ileum,0.013368841969563935
divergent,overlap,2084,0.298847361909676,small_intestine_terminal_ileum,0.013368841969563935
divergent,0-1kb,1165,0.21601965356993824,small_intestine_terminal_ileum,0.013368841969563935
divergent,1-5kb,315,0.25757959434074584,small_intestine_terminal_ileum,0.013368841969563935
divergent,5-20kb,597,0.17007029070341997,small_intestine_terminal_ileum,0.013368841969563935
divergent,20-100kb,1151,0.11114625790333577,small_intestine_terminal_ileum,0.013368841969563935
divergent,100-500kb,591,0.07972391522217603,small_intestine_terminal_ileum,0.013368841969563935
divergent,>500kb,130,0.0624215728584981,small_intestine_terminal_ileum,0.013368841969563935
tandem,overlap,944,0.3209571373747188,small_intestine_terminal_ileum,0.013368841969563935
tandem,0-1kb,561,0.2759052028491737,small_intestine_terminal_ileum,0.013368841969563935
tandem,1-5kb,1464,0.24857443567477217,small_intestine_terminal_ileum,0.013368841969563935
tandem,5-20kb,2297,0.2136295791942248,small_intestine_terminal_ileum,0.013368841969563935
tandem,20-100kb,2700,0.14556526867625505,small_intestine_terminal_ileum,0.013368841969563935
tandem,100-500kb,1218,0.09423021663131793,small_intestine_terminal_ileum,0.013368841969563935
tandem,>500kb,345,0.039229608016631785,small_intestine_terminal_ileum,0.013368841969563935
convergent,overlap,2094,0.17740952186873815,spleen,0.0023035681195241104
convergent,0-1kb,421,0.12360380228373649,spleen,0.0023035681195241104
convergent,1-5kb,681,0.10212972993697626,spleen,0.0023035681195241104
convergent,5-20kb,853,0.10488721620534781,spleen,0.0023035681195241104
convergent,20-100kb,1014,0.06829152298868482,spleen,0.0023035681195241104
convergent,100-500kb,579,0.037244039800429035,spleen,0.0023035681195241104
convergent,>500kb,237,0.007893920879258123,spleen,0.0023035681195241104
divergent,overlap,2042,0.21203927849600257,spleen,0.0023035681195241104
divergent,0-1kb,1151,0.15598994629498042,spleen,0.0023035681195241104
divergent,1-5kb,311,0.1807824218492629,spleen,0.0023035681195241104
divergent,5-20kb,580,0.13811054150902027,spleen,0.0023035681195241104
divergent,20-100kb,1097,0.08738227023891933,spleen,0.0023035681195241104
divergent,100-500kb,567,0.06944998566172093,spleen,0.0023035681195241104
divergent,>500kb,132,0.027329613368588197,spleen,0.0023035681195241104
tandem,overlap,935,0.22580424231856522,spleen,0.0023035681195241104
tandem,0-1kb,542,0.21812302591557162,spleen,0.0023035681195241104
tandem,1-5kb,1443,0.20292781659563264,spleen,0.0023035681195241104
tandem,5-20kb,2304,0.17237781609183017,spleen,0.0023035681195241104
tandem,20-100kb,2618,0.11643743043660527,spleen,0.0023035681195241104
tandem,100-500kb,1201,0.05443238373087696,spleen,0.0023035681195241104
tandem,>500kb,372,0.044160511008103934,spleen,0.0023035681195241104
convergent,overlap,1970,0.1980444839263744,stomach,0.005925334131795373
convergent,0-1kb,426,0.1088238095665462,stomach,0.005925334131795373
convergent,1-5kb,656,0.12500584811812435,stomach,0.005925334131795373
convergent,5-20kb,809,0.08603854485325557,stomach,0.005925334131795373
convergent,20-100kb,964,0.06670337995338367,stomach,0.005925334131795373
convergent,100-500kb,542,0.06677633076578589,stomach,0.005925334131795373
convergent,>500kb,222,0.030721018933393983,stomach,0.005925334131795373
divergent,overlap,1876,0.2581882120586623,stomach,0.005925334131795373
divergent,0-1kb,1117,0.19494509230273807,stomach,0.005925334131795373
divergent,1-5kb,269,0.22273183072301753,stomach,0.005925334131795373
divergent,5-20kb,538,0.11552248226526572,stomach,0.005925334131795373
divergent,20-100kb,1072,0.08205181417135407,stomach,0.005925334131795373
divergent,100-500kb,590,0.061569489719448624,stomach,0.005925334131795373
divergent,>500kb,130,0.06602129045262406,stomach,0.005925334131795373
tandem,overlap,810,0.2857046217704897,stomach,0.005925334131795373
tandem,0-1kb,527,0.23924939604536954,stomach,0.005925334131795373
tandem,1-5kb,1341,0.2045619827716548,stomach,0.005925334131795373
tandem,5-20kb,2083,0.17356061881494167,stomach,0.005925334131795373
tandem,20-100kb,2552,0.12321602859162831,stomach,0.005925334131795373
tandem,100-500kb,1200,0.06217629223763492,stomach,0.005925334131795373
tandem,>500kb,360,-0.0017117280815503314,stomach,0.005925334131795373
convergent,overlap,3028,0.1466293175501329,testis,0.012604726573883512
convergent,0-1kb,507,0.10803134831357451,testis,0.012604726573883512
convergent,1-5kb,896,0.1017668632744844,testis,0.012604726573883512
convergent,5-20kb,1304,0.0881713097473404,testis,0.012604726573883512
convergent,20-100kb,1688,0.06703681350255856,testis,0.012604726573883512
convergent,100-500kb,867,0.052894102409464905,testis,0.012604726573883512
convergent,>500kb,171,0.05426299658629848,testis,0.012604726573883512
divergent,overlap,3074,0.22172145347572098,testis,0.012604726573883512
divergent,0-1kb,1573,0.2156840551174485,testis,0.012604726573883512
divergent,1-5kb,518,0.17943220015188033,testis,0.012604726573883512
divergent,5-20kb,901,0.14370664738918149,testis,0.012604726573883512
divergent,20-100kb,1596,0.09354075476812047,testis,0.012604726573883512
divergent,100-500kb,693,0.09445506309088413,testis,0.012604726573883512
divergent,>500kb,108,0.09202682702075116,testis,0.012604726573883512
tandem,overlap,1319,0.255125299396505,testis,0.012604726573883512
tandem,0-1kb,662,0.2345398056220431,testis,0.012604726573883512
tandem,1-5kb,1814,0.21493354559015793,testis,0.012604726573883512
tandem,5-20kb,2913,0.1716604057275994,testis,0.012604726573883512
tandem,20-100kb,3739,0.10122228505850181,testis,0.012604726573883512
tandem,100-500kb,1646,0.08178849827330026,testis,0.012604726573883512
tandem,>500kb,288,0.06610582601024356,testis,0.012604726573883512
convergent,overlap,2182,0.20516562280321626,thyroid,0.0038974129325725936
convergent,0-1kb,416,0.11834610445487312,thyroid,0.0038974129325725936
convergent,1-5kb,681,0.12215725414705142,thyroid,0.0038974129325725936
convergent,5-20kb,856,0.10224542723887624,thyroid,0.0038974129325725936
convergent,20-100kb,1039,0.07469361902174618,thyroid,0.0038974129325725936
convergent,100-500kb,602,0.04074036631340366,thyroid,0.0038974129325725936
convergent,>500kb,249,0.01590340091618784,thyroid,0.0038974129325725936
divergent,overlap,2162,0.23884394741835158,thyroid,0.0038974129325725936
divergent,0-1kb,1189,0.16530848189874733,thyroid,0.0038974129325725936
divergent,1-5kb,323,0.2024569076210704,thyroid,0.0038974129325725936
divergent,5-20kb,570,0.14103990536252,thyroid,0.0038974129325725936
divergent,20-100kb,1103,0.08534193233010003,thyroid,0.0038974129325725936
divergent,100-500kb,565,0.06558778031731696,thyroid,0.0038974129325725936
divergent,>500kb,115,0.061720875607773555,thyroid,0.0038974129325725936
tandem,overlap,1021,0.26148539721103925,thyroid,0.0038974129325725936
tandem,0-1kb,558,0.23450806005797656,thyroid,0.0038974129325725936
tandem,1-5kb,1376,0.18600811700006994,thyroid,0.0038974129325725936
tandem,5-20kb,2087,0.14979321612240978,thyroid,0.0038974129325725936
tandem,20-100kb,2682,0.11380067046204181,thyroid,0.0038974129325725936
tandem,100-500kb,1285,0.05266902885563667,thyroid,0.0038974129325725936
tandem,>500kb,362,0.023182467237020204,thyroid,0.0038974129325725936
convergent,overlap,1442,0.21481736163028903,whole_blood,0.0012835810976703245
convergent,0-1kb,353,0.15639256464325693,whole_blood,0.0012835810976703245
convergent,1-5kb,521,0.13156048686157482,whole_blood,0.0012835810976703245
convergent,5-20kb,610,0.11669750003613237,whole_blood,0.0012835810976703245
convergent,20-100kb,747,0.061083542623107695,whole_blood,0.0012835810976703245
convergent,100-500kb,476,0.05548858701892238,whole_blood,0.0012835810976703245
convergent,>500kb,262,0.009434600304831762,whole_blood,0.0012835810976703245
divergent,overlap,1343,0.2250458617598601,whole_blood,0.0012835810976703245
divergent,0-1kb,851,0.19317510665587798,whole_blood,0.0012835810976703245
divergent,1-5kb,179,0.2290344494299637,whole_blood,0.0012835810976703245
divergent,5-20kb,462,0.1524029283581914,whole_blood,0.0012835810976703245
divergent,20-100kb,903,0.09888318902769447,whole_blood,0.0012835810976703245
divergent,100-500kb,501,0.06892227605376515,whole_blood,0.0012835810976703245
divergent,>500kb,179,0.00080742564405932,whole_blood,0.0012835810976703245
tandem,overlap,616,0.2742665801651233,whole_blood,0.0012835810976703245
tandem,0-1kb,476,0.23725957998311803,whole_blood,0.0012835810976703245
tandem,1-5kb,1184,0.20795940547483263,whole_blood,0.0012835810976703245
tandem,5-20kb,1845,0.1953945759637147,whole_blood,0.0012835810976703245
tandem,20-100kb,2105,0.12290417346783641,whole_blood,0.0012835810976703245
tandem,100-500kb,1061,0.04659667192823585,whole_blood,0.0012835810976703245
tandem,>500kb,441,0.02760415729692296,whole_blood,0.0012835810976703245
convergent,overlap,2099,0.145567075892044,brain_cortex,-0.0025809408552502928
convergent,0-1kb,437,0.0985075125375304,brain_cortex,-0.0025809408552502928
convergent,1-5kb,696,0.09957437932696557,brain_cortex,-0.0025809408552502928
convergent,5-20kb,881,0.08589031124043295,brain_cortex,-0.0025809408552502928
convergent,20-100kb,1026,0.05995468437514413,brain_cortex,-0.0025809408552502928
convergent,100-500kb,663,0.0345353678974474,brain_cortex,-0.0025809408552502928
convergent,>500kb,246,0.043382637959844615,brain_cortex,-0.0025809408552502928
divergent,overlap,2107,0.18903311352682364,brain_cortex,-0.0025809408552502928
divergent,0-1kb,1256,0.1350365121458412,brain_cortex,-0.0025809408552502928
divergent,1-5kb,316,0.14477382913263187,brain_cortex,-0.0025809408552502928
divergent,5-20kb,572,0.1011718451689104,brain_cortex,-0.0025809408552502928
divergent,20-100kb,1105,0.07453153185522417,brain_cortex,-0.0025809408552502928
divergent,100-500kb,576,0.061686356963340426,brain_cortex,-0.0025809408552502928
divergent,>500kb,119,0.07267185112866299,brain_cortex,-0.0025809408552502928
tandem,overlap,824,0.20338444073150752,brain_cortex,-0.0025809408552502928
tandem,0-1kb,557,0.16037688525320415,brain_cortex,-0.0025809408552502928
tandem,1-5kb,1422,0.15292774829353717,brain_cortex,-0.0025809408552502928
tandem,5-20kb,2156,0.12157466432718823,brain_cortex,-0.0025809408552502928
tandem,20-100kb,2692,0.09918565112621353,brain_cortex,-0.0025809408552502928
tandem,100-500kb,1269,0.06718678603743959,brain_cortex,-0.0025809408552502928
tandem,>500kb,314,0.04084834747073864,brain_cortex,-0.0025809408552502928
convergent,overlap,1917,0.12116088869570656,brain_amygdala,0.0041891690035976
convergent,0-1kb,430,0.0839890137781273,brain_amygdala,0.0041891690035976
convergent,1-5kb,680,0.08491785403844815,brain_amygdala,0.0041891690035976
convergent,5-20kb,856,0.07855766335142446,brain_amygdala,0.0041891690035976
convergent,20-100kb,991,0.0526720695914303,brain_amygdala,0.0041891690035976
convergent,100-500kb,669,0.044720059586561695,brain_amygdala,0.0041891690035976
convergent,>500kb,251,0.03358115647107891,brain_amygdala,0.0041891690035976
divergent,overlap,1984,0.16398503794800023,brain_amygdala,0.0041891690035976
divergent,0-1kb,1243,0.13116004365010386,brain_amygdala,0.0041891690035976
divergent,1-5kb,295,0.12271354364869341,brain_amygdala,0.0041891690035976
divergent,5-20kb,538,0.09152270638261949,brain_amygdala,0.0041891690035976
divergent,20-100kb,1043,0.06549466004370551,brain_amygdala,0.0041891690035976
divergent,100-500kb,568,0.051067608380354915,brain_amygdala,0.0041891690035976
divergent,>500kb,126,0.01699956224311023,brain_amygdala,0.0041891690035976
tandem,overlap,744,0.19805509302471933,brain_amygdala,0.0041891690035976
tandem,0-1kb,535,0.13408241723064684,brain_amygdala,0.0041891690035976
tandem,1-5kb,1359,0.1375822266880554,brain_amygdala,0.0041891690035976
tandem,5-20kb,2084,0.1136893723946139,brain_amygdala,0.0041891690035976
tandem,20-100kb,2580,0.09248417908166924,brain_amygdala,0.0041891690035976
tandem,100-500kb,1216,0.056613661922029414,brain_amygdala,0.0041891690035976
tandem,>500kb,326,0.037415725178811275,brain_amygdala,0.0041891690035976
convergent,overlap,2159,0.2067355105686976,bladder,0.015730553989411835
convergent,0-1kb,414,0.15472350837686988,bladder,0.015730553989411835
convergent,1-5kb,673,0.15786075213774375,bladder,0.015730553989411835
convergent,5-20kb,852,0.12932661534523868,bladder,0.015730553989411835
convergent,20-100kb,1037,0.10060737213533402,bladder,0.015730553989411835
convergent,100-500kb,605,0.07099781692892652,bladder,0.015730553989411835
convergent,>500kb,233,-0.003910978235848495,bladder,0.015730553989411835
divergent,overlap,2088,0.2689064472762373,bladder,0.015730553989411835
divergent,0-1kb,1179,0.21049772167718078,bladder,0.015730553989411835
divergent,1-5kb,307,0.2423062514531629,bladder,0.015730553989411835
divergent,5-20kb,569,0.15045185043470796,bladder,0.015730553989411835
divergent,20-100kb,1128,0.09393170612016549,bladder,0.015730553989411835
divergent,100-500kb,585,0.09638686696597044,bladder,0.015730553989411835
divergent,>500kb,118,0.01750288258974343,bladder,0.015730553989411835
tandem,overlap,984,0.2774669652010261,bladder,0.015730553989411835
tandem,0-1kb,547,0.24189364230961358,bladder,0.015730553989411835
tandem,1-5kb,1375,0.2065523939190323,bladder,0.015730553989411835
tandem,5-20kb,2117,0.17280391351308683,bladder,0.015730553989411835
tandem,20-100kb,2651,0.1314951572322385,bladder,0.015730553989411835
tandem,100-500kb,1247,0.07947299381681396,bladder,0.015730553989411835
tandem,>500kb,336,0.032241968896473315,bladder,0.015730553989411835
convergent,overlap,1928,0.1777712260672775,esophagus_muscularis,0.0009855979478506827
convergent,0-1kb,417,0.09495971495226824,esophagus_muscularis,0.0009855979478506827
convergent,1-5kb,647,0.09394486388517627,esophagus_muscularis,0.0009855979478506827
convergent,5-20kb,784,0.08032128752794214,esophagus_muscularis,0.0009855979478506827
convergent,20-100kb,925,0.06305375904430512,esophagus_muscularis,0.0009855979478506827
convergent,100-500kb,573,0.060548612308824135,esophagus_muscularis,0.0009855979478506827
convergent,>500kb,223,0.01806341516874172,esophagus_muscularis,0.0009855979478506827
divergent,overlap,1871,0.20927305214283892,esophagus_muscularis,0.0009855979478506827
divergent,0-1kb,1077,0.13415866027194592,esophagus_muscularis,0.0009855979478506827
divergent,1-5kb,263,0.15217583104720184,esophagus_muscularis,0.0009855979478506827
divergent,5-20kb,539,0.12743723336139853,esophagus_muscularis,0.0009855979478506827
divergent,20-100kb,1043,0.08183875971838742,esophagus_muscularis,0.0009855979478506827
divergent,100-500kb,567,0.06458625885494075,esophagus_muscularis,0.0009855979478506827
divergent,>500kb,145,0.03488350269360969,esophagus_muscularis,0.0009855979478506827
tandem,overlap,897,0.2632180649755624,esophagus_muscularis,0.0009855979478506827
tandem,0-1kb,546,0.19998070846709123,esophagus_muscularis,0.0009855979478506827
tandem,1-5kb,1400,0.18205244977194449,esophagus_muscularis,0.0009855979478506827
tandem,5-20kb,2066,0.13583276265113575,esophagus_muscularis,0.0009855979478506827
tandem,20-100kb,2537,0.09831701332774812,esophagus_muscularis,0.0009855979478506827
tandem,100-500kb,1235,0.058490471222681945,esophagus_muscularis,0.0009855979478506827
tandem,>500kb,361,0.014981594214572366,esophagus_muscularis,0.0009855979478506827
convergent,overlap,2249,0.22801969448839698,pituitary,0.005405523371111561
convergent,0-1kb,465,0.13864748196845816,pituitary,0.005405523371111561
convergent,1-5kb,742,0.16137459475338817,pituitary,0.005405523371111561
convergent,5-20kb,926,0.11610722540086103,pituitary,0.005405523371111561
convergent,20-100kb,1066,0.08309579153326695,pituitary,0.005405523371111561
convergent,100-500kb,630,0.06905665948007811,pituitary,0.005405523371111561
convergent,>500kb,231,0.01634942525440638,pituitary,0.005405523371111561
divergent,overlap,2232,0.2664167303732606,pituitary,0.005405523371111561
divergent,0-1kb,1263,0.21767090187781,pituitary,0.005405523371111561
divergent,1-5kb,351,0.22368941925854882,pituitary,0.005405523371111561
divergent,5-20kb,639,0.14972739923421932,pituitary,0.005405523371111561
divergent,20-100kb,1148,0.10690201980676554,pituitary,0.005405523371111561
divergent,100-500kb,568,0.08123537967689631,pituitary,0.005405523371111561
divergent,>500kb,118,0.10086743133727724,pituitary,0.005405523371111561
tandem,overlap,1117,0.29548780296944605,pituitary,0.005405523371111561
tandem,0-1kb,608,0.2667582042937643,pituitary,0.005405523371111561
tandem,1-5kb,1558,0.2413629068748119,pituitary,0.005405523371111561
tandem,5-20kb,2383,0.17864342112597043,pituitary,0.005405523371111561
tandem,20-100kb,2800,0.12387938538419012,pituitary,0.005405523371111561
tandem,100-500kb,1217,0.08171834599849606,pituitary,0.005405523371111561
tandem,>500kb,365,0.04707783120278249,pituitary,0.005405523371111561
convergent,overlap,1965,0.15296990098485216,brain_hippocampus,0.00319013947059104
convergent,0-1kb,432,0.1094280031631489,brain_hippocampus,0.00319013947059104
convergent,1-5kb,677,0.10101385393860556,brain_hippocampus,0.00319013947059104
convergent,5-20kb,885,0.08453211581716051,brain_hippocampus,0.00319013947059104
convergent,20-100kb,1001,0.06225139920467133,brain_hippocampus,0.00319013947059104
convergent,100-500kb,664,0.0502841835691493,brain_hippocampus,0.00319013947059104
convergent,>500kb,240,0.03312852312344627,brain_hippocampus,0.00319013947059104
divergent,overlap,2026,0.1911861080846769,brain_hippocampus,0.00319013947059104
divergent,0-1kb,1252,0.15621611067331193,brain_hippocampus,0.00319013947059104
divergent,1-5kb,307,0.16055566790080886,brain_hippocampus,0.00319013947059104
divergent,5-20kb,547,0.10960160876524912,brain_hippocampus,0.00319013947059104
divergent,20-100kb,1055,0.08183804855041053,brain_hippocampus,0.00319013947059104
divergent,100-500kb,555,0.06982070421586276,brain_hippocampus,0.00319013947059104
divergent,>500kb,125,0.04957841036597132,brain_hippocampus,0.00319013947059104
tandem,overlap,781,0.22886033785416127,brain_hippocampus,0.00319013947059104
tandem,0-1kb,540,0.1529618291079033,brain_hippocampus,0.00319013947059104
tandem,1-5kb,1363,0.16330386173014308,brain_hippocampus,0.00319013947059104
tandem,5-20kb,2113,0.13400323166028566,brain_hippocampus,0.00319013947059104
tandem,20-100kb,2623,0.10766842284272471,brain_hippocampus,0.00319013947059104
tandem,100-500kb,1229,0.06016516385616756,brain_hippocampus,0.00319013947059104
tandem,>500kb,326,0.04241335594906058,brain_hippocampus,0.00319013947059104
