tissue,pairs,excluded_pct,r_all,r_same_stem,r_clusters,r_readthrough,r_clean,clean_vs_all_pct,r_clean_le20kb,r_clean_gt100kb
adipose_subcutaneous,15331,13.547713782532123,0.11595152747669524,0.2920118130935384,0.16733926467322668,0.29421461839598945,0.0999553475145007,-13.795575021993189,0.13240408426454048,0.0451884024613601
adipose_visceral_omentum,15372,13.986468904501692,0.12157041517786009,0.3358353038572698,0.20345554804417948,0.45581397634824067,0.10109774951204396,-16.84017088850456,0.13609234648942,0.04457437713189895
adrenal_gland,15171,13.426932964208028,0.11515248777270526,0.3066861905143467,0.18436252947654383,0.31880598705416635,0.09753395540594516,-15.300175191643795,0.13220533946042884,0.033981672028649025
artery_aorta,14970,13.747494989979959,0.11248069789715852,0.3374911711417132,0.18680480846053504,0.46385952278929665,0.09227873860130298,-17.960378690329836,0.1164156984318107,0.04802145696428282
artery_coronary,15256,13.883062401678025,0.1233634425265223,0.3516085999678934,0.20327454060668246,0.5514705421622504,0.10192453486589886,-17.37865547649111,0.13138399243494148,0.04883424321608511
artery_tibial,14679,13.338783295864843,0.11682509301927056,0.3211349436814863,0.18113709646286832,0.17887043437283787,0.09835927797161649,-15.80637735474184,0.12826616635971338,0.0507333789967209
bladder,15973,14.317911475615098,0.1402437835393497,0.35095836040093303,0.2315746484773091,0.5181376510275566,0.11790366370260821,-15.9294902582782,0.15732437160327017,0.057210155626976504
brain_amygdala,15790,13.166561114629516,0.08960520726991092,0.2452743251493148,0.13418794436880652,0.1170431098907769,0.0756761569849017,-15.544911628909919,0.09685596958167084,0.041633772006194954
brain_caudate_basal_ganglia,16102,13.650478201465654,0.1018336255884377,0.26313211257600616,0.14067705135404124,0.12173398786197089,0.08709023787459981,-14.477916924438627,0.1116634269139562,0.04696865357061414
brain_cerebellar_hemisphere,16040,14.220698254364095,0.09755551963315473,0.2545715300717634,0.1615751859819297,0.15722669634850797,0.08029411840027127,-17.69392577456692,0.1043117781679414,0.034938510448462294
brain_cortex,16303,13.917683861865914,0.09917605124070368,0.254473705356962,0.14234100890235135,0.15584263794913814,0.0842534334376235,-15.046594027889338,0.10707420627297946,0.04555941524200896
brain_frontal_cortex_ba9,16172,13.715063071976253,0.09348414059436437,0.24783801892122354,0.13775112197561717,0.1244503744500517,0.07917827869569513,-15.30298273879801,0.10218585589164773,0.04153253446509368
brain_hippocampus,15934,13.317434416969999,0.10598411951007958,0.2702029061050409,0.1496820414526622,0.13504122407664726,0.09118928264027093,-13.959484626752584,0.11559395087419583,0.04950200844610442
cells_cultured_fibroblasts,13698,12.680683311432329,0.09606045095297439,0.29704695931660785,0.16696045389430422,0.11457320979166918,0.07955964072185304,-17.17752734598257,0.10416775420547414,0.04589435168835078
cells_ebv-transformed_lymphocytes,14132,13.664024908010186,0.14321898561937838,0.3270843540626918,0.20979009103822654,0.1950489867429525,0.1266185583757936,-11.590940385307846,0.1692893508771191,0.0543856151661555
colon_sigmoid,15431,13.615449419998704,0.11042509024547698,0.30295902817147274,0.17050692585927557,0.22532097905882323,0.09259079302760628,-16.150584236086864,0.12478268981582236,0.04444549834128774
colon_transverse,16050,14.760124610591896,0.14095326422121904,0.39129989245088276,0.28759993311101406,0.6238989711737787,0.11267439829250522,-20.06258321505173,0.150601427325037,0.05165783424110121
esophagus_gastroesophageal_junction,15221,13.369686617173638,0.10394109296363595,0.2874001439469281,0.1674062033872415,0.14877658539123056,0.08731560577275257,-15.995105224359962,0.11412839638038928,0.050616784621971646
esophagus_mucosa,15281,14.161376873241283,0.12081934261817892,0.36258056524427806,0.23360992823425575,0.5178649367737178,0.09687031662720541,-19.822178694233394,0.1375324890605963,0.03453488498492177
esophagus_muscularis,15348,13.53270784467031,0.10505626192174526,0.2945544068925218,0.16781199708951,0.17837907811802978,0.0877649296961229,-16.459116200519674,0.11522074128840379,0.0457787643776583
heart_atrial_appendage,14960,12.987967914438503,0.09968926043085874,0.30058299657185356,0.1568020599604074,0.237179829485038,0.08290749907731744,-16.834071474710743,0.11063774168534993,0.03965458862900188
heart_left_ventricle,14240,12.42977528089888,0.09974219650291336,0.2912150834550172,0.13602291239411157,0.2587965036421964,0.08558853774116719,-14.190241701096639,0.10919556511103556,0.04448236881492749
kidney_cortex,15869,14.033650513579932,0.11805820101518912,0.3188027647887786,0.19279041414812265,0.5204871581861582,0.09829797225246001,-16.73770105999396,0.13456538098583237,0.03663126669708909
liver,14552,13.489554700384831,0.11525588465075559,0.3497386697687056,0.21797747308088322,0.5783497802318623,0.09453088533649037,-17.98172768103372,0.13030719797779247,0.03351715891965387
lung,16093,14.882246939663213,0.12746486492419,0.34954750923020445,0.22931631390777013,0.4776223623131874,0.10378244598404296,-18.579566184165508,0.14473066203830265,0.04484804471720739
muscle_skeletal,13862,12.213244842014138,0.10332684260435357,0.3209944546911121,0.15911351004429677,0.16878864229390889,0.08704042862632679,-15.762035853924928,0.12215275824844768,0.03548915912358819
nerve_tibial,16030,14.441671865252648,0.11564087727353267,0.2820614559339905,0.1686034289646939,0.23969779548961592,0.09835594605348044,-14.947077216620464,0.12667489794349,0.05079185843196719
pancreas,14838,13.30367974120501,0.08672907875287339,0.31846551909773446,0.15616583041309623,0.3520921702837528,0.06616518200297546,-23.710498307600947,0.0895701414709203,0.03235060134923837
pituitary,17078,14.89635788734044,0.14550311186722265,0.3291296469044501,0.197740488622772,0.30449005480854413,0.12617704786075604,-13.28223414500056,0.1677005029747575,0.063534297042843
skin_sun_exposed_lower_leg,15878,14.120166267791912,0.1172094396029865,0.31752052284693305,0.19273723762209358,0.23043414561107353,0.09746450027963972,-16.845861041761758,0.13136645724528395,0.042090158875991046
small_intestine_terminal_ileum,16404,15.44745184101438,0.1570469740887995,0.41133609932177195,0.30450460378959077,0.56199986104032,0.12646314300597467,-19.474320508417907,0.16478667345343984,0.06421091844548715
spleen,16103,16.015649257902254,0.12130007980662101,0.3443844813042975,0.2502477325265964,0.5254597002584384,0.09451942145029647,-22.078022041715716,0.12450620892083432,0.040629538700782446
stomach,15398,14.053773217300947,0.12523329318331505,0.37368925328747143,0.2594919453701512,0.5840413445188567,0.09961309385032746,-20.457977812246007,0.1359963236630532,0.046748437378217836
testis,21884,19.649058673003104,0.12762495953722483,0.2403504056629357,0.17001327961955018,0.1598221841876873,0.10864687317283402,-14.87019971109602,0.1468766395526971,0.05811668232067487
thyroid,16058,14.50367418109354,0.11753437506767837,0.309517132807699,0.19000228299366537,0.4485872939656306,0.09774398907579461,-16.837955687847163,0.13247876385317012,0.03924700459513377
whole_blood,13156,13.856795378534514,0.12991810759926822,0.4056124757118293,0.2483074327605636,0.5545357139931465,0.10528926004414256,-18.957209283784536,0.15278304412719992,0.03645600724074924
