true_lambda,rep,naive,corrected
2,0,17.62919342709343,1.9793975621608837
2,1,12.83604411156854,1.9710246947505836
2,2,14.63570220104775,1.98271551667254
3,0,12.805218096614853,2.8821625450466555
3,1,15.871655117567913,2.9429401140692475
3,2,11.740570982764782,2.8982334811263515
5,0,8.372393799445812,4.863721405859934
5,1,12.441881927760948,4.80816867445112
5,2,11.573948313650899,4.837591829047238
8,0,11.74125788913846,7.647965461724482
8,1,10.942187731024175,7.5455297716589875
8,2,9.763476993816829,7.807789896028872
12,0,16.5732818281599,11.303355973773936
12,1,13.22890949508592,11.070957036867767
12,2,13.651848750754981,10.858278408388927
