tissue,pairs,blocks,b_same_tad,ci_low,ci_high,boot_se,p_boot_normal
liver,6444,288,0.030219712565074223,0.004649842506489822,0.049463120711223656,0.011728404103446234,0.009976979604563415
adrenal_gland,10927,301,0.05787048072156779,0.03870453935762215,0.07565047798300223,0.00939271071352422,7.219032760617758e-10
artery_aorta,10339,300,0.04361729891220512,0.02617319513614314,0.06166758635058309,0.009343135023637946,3.035849223467799e-06
bladder,11351,301,0.05644558994796877,0.02903103371254504,0.08662149137995993,0.014947168611123442,0.00015914974445877363
brain_cortex,11120,299,0.05525046006994283,0.02983942718890623,0.07648748751810225,0.01151677816840336,1.607475718408343e-06
brain_frontal_cortex_ba9,11060,299,0.0555480460694767,0.035537758600197374,0.08013775123409075,0.012144567594521736,4.787268244750405e-06
heart_left_ventricle,9914,302,0.05803894642742199,0.02897936552855994,0.08715846443268056,0.014918739253159313,0.00010010446208580904
lung,11399,302,0.0428792153875002,0.02203838857609761,0.060740991241501015,0.009666103902626132,9.16291886500736e-06
pancreas,10397,300,0.027564498847935087,0.005494203811532707,0.05245108550087073,0.012499701979320205,0.027439187584968938
muscle_skeletal,9912,300,0.030093247745902316,0.008465532267822413,0.049845423116539916,0.01090087438628939,0.005769052954423244
small_intestine_terminal_ileum,11550,300,0.04595928029435858,0.006537975117106148,0.08148926988023,0.01912538069464844,0.016258884643088604
spleen,11881,304,0.03447555875344225,0.017933190555168066,0.050539257110394836,0.008648859228569105,6.715705828342375e-05
cells_ebv_transformed_lymphocytes,10962,303,0.04754662898043707,0.0342550835031893,0.06139982872857649,0.006970977578250254,9.062671710060616e-12
cells_cultured_fibroblasts,10409,301,0.04712998653917279,0.03212121895831555,0.06346471268669378,0.00825863666625164,1.1515276237628133e-08
