tissue,family,shared_eqtl,same_tad,pairs,frac,r_adj,r
liver,False,False,False,441,0.06843575418994413,0.08262638203611394,0.037485791177748536
liver,False,False,True,5055,0.7844506517690876,0.0928736155605877,0.09490071211851484
liver,False,True,False,6,0.000931098696461825,0.11603052600791934,0.1467849982521696
liver,False,True,True,218,0.03382991930477964,0.17005031328918283,0.1959151252112203
liver,True,False,False,28,0.004345127250155183,0.1549511892207947,0.1158744708538275
liver,True,False,True,634,0.0983860955927995,0.2200522911766436,0.22523936629080119
liver,True,True,True,62,0.009621353196772191,0.29118553777279926,0.31767770112194205
adrenal_gland,False,False,False,657,0.06012629266953418,0.059941569983228506,0.01215987025997915
adrenal_gland,False,False,True,8216,0.7518989658643727,0.09377407912079883,0.0954125219460905
adrenal_gland,False,True,False,12,0.0010981971263841859,0.09134225807312672,0.09550293083220433
adrenal_gland,False,True,True,620,0.05674018486318294,0.16489849724568,0.18586555281191616
adrenal_gland,True,False,False,52,0.004758854214331473,0.17522768192745966,0.12235386274211744
adrenal_gland,True,False,True,1203,0.11009426192001465,0.22908527638768136,0.23279683266183868
adrenal_gland,True,True,False,4,0.00036606570879472864,0.042872011106048644,0.028476652532714995
adrenal_gland,True,True,True,163,0.014917177633385193,0.31186959049424906,0.3316465584422421
artery_aorta,False,False,False,506,0.04894090337556824,0.06936093086073299,0.02419136545542033
artery_aorta,False,False,True,6922,0.6695038204855401,0.08851228622602283,0.08827003116802104
artery_aorta,False,True,False,35,0.003385240352064997,0.14422956436281545,0.14039656511832785
artery_aorta,False,True,True,1483,0.14343746977463973,0.12123930787384288,0.13495549034111023
artery_aorta,True,False,False,41,0.0039655672695618534,0.12146775567384878,0.07805522389453758
artery_aorta,True,False,True,1032,0.09981622980945933,0.23318824482125855,0.23540497705704988
artery_aorta,True,True,False,3,0.00029016345874842826,0.13776994947039065,0.1479012384788956
artery_aorta,True,True,True,317,0.030660605474417256,0.27846580452459646,0.2904140639875805
bladder,False,False,False,581,0.051184917628402785,0.0854064799692074,0.03437339050275239
bladder,False,False,True,9207,0.8111179631750507,0.11627120026841635,0.11891645935265226
bladder,False,True,True,19,0.001673861333803189,0.6004934952706084,0.6358393992023995
bladder,True,False,False,50,0.0044048982468504975,0.14747813220877612,0.10026290418022497
bladder,True,False,True,1476,0.1300325962470267,0.27651371900648597,0.28091198867160266
bladder,True,True,True,18,0.0015857633688661792,0.5655383398430458,0.5929087727575778
brain_cortex,False,False,False,782,0.07032374100719424,0.05110199411970291,0.024919885353092166
brain_cortex,False,False,True,8062,0.725,0.08379013114989345,0.08461504097211259
brain_cortex,False,True,False,28,0.002517985611510791,0.026488289361222765,0.02692841000065278
brain_cortex,False,True,True,779,0.07005395683453237,0.10564480047995284,0.12175492224914536
brain_cortex,True,False,False,56,0.005035971223021582,0.08576212366754368,0.05462209775106113
brain_cortex,True,False,True,1224,0.11007194244604317,0.19722559699021366,0.19808027466783598
brain_cortex,True,True,False,3,0.0002697841726618705,0.10276930599772378,0.11191601460387075
brain_cortex,True,True,True,186,0.016726618705035973,0.3090821266373676,0.31947004965214537
brain_frontal_cortex_ba9,False,False,False,784,0.07088607594936709,0.041519555023279,0.016093675154353886
brain_frontal_cortex_ba9,False,False,True,8075,0.7301084990958409,0.07720077086618088,0.07807791213376894
brain_frontal_cortex_ba9,False,True,False,26,0.0023508137432188066,0.02518143479831599,0.029333036106343576
brain_frontal_cortex_ba9,False,True,True,735,0.06645569620253164,0.10839806964822471,0.12473007239922285
brain_frontal_cortex_ba9,True,False,False,55,0.004972875226039783,0.11263479647955137,0.08355056456047273
brain_frontal_cortex_ba9,True,False,True,1177,0.10641952983725135,0.1869567142854709,0.18717387678827557
brain_frontal_cortex_ba9,True,True,False,3,0.00027124773960217,0.14664460097673052,0.15221767299594602
brain_frontal_cortex_ba9,True,True,True,205,0.018535262206148283,0.2832065918208426,0.29328621962163165
heart_left_ventricle,False,False,False,600,0.06052047609441194,0.05799027333075845,0.01988097510531824
heart_left_ventricle,False,False,True,7259,0.7321968932822271,0.08212308986912821,0.0830072331540282
heart_left_ventricle,False,True,False,23,0.0023199515836191246,0.01670843575026942,0.024267716370149538
heart_left_ventricle,False,True,True,807,0.08140004034698406,0.122788486758399,0.13885823527573143
heart_left_ventricle,True,False,False,47,0.0047407706273956025,0.006170228542239522,-0.022687180115973257
heart_left_ventricle,True,False,True,993,0.10016138793625176,0.1909809289822691,0.19369089788365665
heart_left_ventricle,True,True,True,185,0.018660480129110348,0.288559928479149,0.2992125306969258
lung,False,False,False,679,0.05956662865163611,0.08216873888560307,0.03405672786094433
lung,False,False,True,7575,0.6645319764891657,0.0955277975493495,0.09429639644586324
lung,False,True,False,50,0.004386349679796474,0.16064536082754682,0.16105825049298542
lung,False,True,True,1444,0.12667777875252215,0.1323255071700281,0.1565187556705078
lung,True,False,False,60,0.005263619615755768,0.11306036136205781,0.061276693955613984
lung,True,False,True,1182,0.10369330643038863,0.24877158281572412,0.2518325475159787
lung,True,True,False,6,0.0005263619615755768,0.12327331088969995,0.1264433545634268
lung,True,True,True,403,0.035353978419159576,0.3507985094056317,0.36695276010868455
pancreas,False,False,False,377,0.03626045974800423,0.05684420544473414,0.015069500179541012
pancreas,False,False,True,7745,0.7449264210830047,0.06180652788152573,0.0618017122778124
pancreas,False,True,False,10,0.0009618159084351255,0.10714619715721589,0.09647963907992457
pancreas,False,True,True,890,0.08560161585072618,0.12487405907721355,0.1389937760367326
pancreas,True,False,False,32,0.0030778109069924016,0.17239106484230676,0.12835155676141474
pancreas,True,False,True,1120,0.10772338174473406,0.21100274160120022,0.21301349378839599
pancreas,True,True,False,1,9.618159084351255e-05,-0.36083941148122994,-0.3316518641061217
pancreas,True,True,True,222,0.021352313167259787,0.25773252692805804,0.2687888894690163
muscle_skeletal,False,False,False,435,0.043886198547215496,0.07157914991268088,0.012862574010961112
muscle_skeletal,False,False,True,6376,0.6432606941081518,0.07997397646941895,0.07765905168598694
muscle_skeletal,False,True,False,35,0.0035310734463276836,0.12762290304568077,0.12020456838465268
muscle_skeletal,False,True,True,1886,0.19027441485068602,0.12039392255200249,0.13996405714147395
muscle_skeletal,True,False,False,23,0.002320419693301049,0.19186621360253184,0.12846601514648728
muscle_skeletal,True,False,True,807,0.08141646489104117,0.21512732267496365,0.21370844575506354
muscle_skeletal,True,True,False,1,0.00010088781275221953,0.21650533496430296,0.230068575881238
muscle_skeletal,True,True,True,349,0.035209846650524616,0.24735265109269697,0.26523721788849947
small_intestine_terminal_ileum,False,False,False,403,0.03489177489177489,0.1104134368582788,0.037674699547848495
small_intestine_terminal_ileum,False,False,True,9146,0.7918614718614718,0.12010648327877761,0.12136384583444512
small_intestine_terminal_ileum,False,True,False,1,8.658008658008658e-05,-0.3981978652660948,-0.4712716062016662
small_intestine_terminal_ileum,False,True,True,273,0.023636363636363636,0.2095039781684374,0.23925681676062596
small_intestine_terminal_ileum,True,False,False,45,0.003896103896103896,0.19126286947568363,0.11471846752424099
small_intestine_terminal_ileum,True,False,True,1539,0.13324675324675325,0.32108858249246625,0.3273951520354098
small_intestine_terminal_ileum,True,True,True,143,0.012380952380952381,0.46769553049008517,0.49219280019960265
spleen,False,False,False,738,0.06211598350307213,0.08443848607480445,0.035336622499140206
spleen,False,False,True,8420,0.7086945543304436,0.08960156168881445,0.09059468406592659
spleen,False,True,False,31,0.002609207979126336,0.15788980889578988,0.15585313480391794
spleen,False,True,True,896,0.07541452739668378,0.13999047872460849,0.16037037750060157
spleen,True,False,False,64,0.0053867519569059845,0.1548893224199098,0.09801451726883313
spleen,True,False,True,1463,0.12313778301489774,0.25329865679739566,0.25917777996765146
spleen,True,True,False,1,8.416799932665601e-05,-0.2861363486730969,-0.2544550376726076
spleen,True,True,True,268,0.02255702381954381,0.321390005411847,0.3388712797316178
cells_ebv_transformed_lymphocytes,False,False,False,1577,0.14386060937785075,0.10703705615451067,0.051457426978913715
cells_ebv_transformed_lymphocytes,False,False,True,6882,0.6278051450465244,0.12034518577671106,0.12745553568502385
cells_ebv_transformed_lymphocytes,False,True,False,80,0.007297938332421091,0.18668652221692125,0.19859359536631818
cells_ebv_transformed_lymphocytes,False,True,True,1033,0.09423462871738734,0.190573036602261,0.2181817174470381
cells_ebv_transformed_lymphocytes,True,False,False,115,0.010490786352855318,0.11792012199289507,0.07045113289607625
cells_ebv_transformed_lymphocytes,True,False,True,1026,0.09359605911330049,0.23536145743928466,0.244166250064976
cells_ebv_transformed_lymphocytes,True,True,False,7,0.0006385696040868455,0.45384199366971684,0.4505458885157764
cells_ebv_transformed_lymphocytes,True,True,True,242,0.0220762634555738,0.3444688916338045,0.36798791322287017
cells_cultured_fibroblasts,False,False,False,1434,0.1377653953309636,0.061314618788874495,0.034708036273410105
cells_cultured_fibroblasts,False,False,True,5013,0.48160245941012586,0.06988598977890177,0.07093000389761557
cells_cultured_fibroblasts,False,True,False,295,0.02834085887212989,0.06413284658974998,0.0638445228090838
cells_cultured_fibroblasts,False,True,True,2435,0.23393217408012298,0.1083573031877657,0.12042115199830464
cells_cultured_fibroblasts,True,False,False,109,0.01047170717648189,0.07327884864752723,0.04437009965780628
cells_cultured_fibroblasts,True,False,True,664,0.06379095013930253,0.2039436318499262,0.20794634957532293
cells_cultured_fibroblasts,True,True,False,26,0.0024978384090690747,0.12679309729986563,0.1200121370087815
cells_cultured_fibroblasts,True,True,True,433,0.04159861658180421,0.27309324520468076,0.28302242360995156
